round,global_accuracy,global_logloss,global_precision_bin,global_recall_bin,global_f1_bin,global_precision_macro,global_recall_macro,global_f1_macro,global_tn,global_fp,global_fn,global_tp,global_sensitivity,global_specificity,global_balanced_accuracy,global_roc_auc,global_pr_auc,num-examples
0,0.0339,0.6931471805599454,0.0339,1.0,0.0655769416771448,0.01695,0.5,0.0327884708385724,0,9661,0,339,1.0,0.0,0.5,0.5,0.0339,10000
1,0.0339,0.6931471805599454,0.0339,1.0,0.0655769416771448,0.01695,0.5,0.0327884708385724,0,9661,0,339,1.0,0.0,0.5,0.5,0.0339,10000
2,0.0339,0.6931471805599454,0.0339,1.0,0.0655769416771448,0.01695,0.5,0.0327884708385724,0,9661,0,339,1.0,0.0,0.5,0.5,0.0339,10000
3,0.0339,0.6931471805599454,0.0339,1.0,0.0655769416771448,0.01695,0.5,0.0327884708385724,0,9661,0,339,1.0,0.0,0.5,0.5,0.0339,10000
4,0.0339,0.6931471805599454,0.0339,1.0,0.0655769416771448,0.01695,0.5,0.0327884708385724,0,9661,0,339,1.0,0.0,0.5,0.5,0.0339,10000
5,0.0339,0.6931471805599454,0.0339,1.0,0.0655769416771448,0.01695,0.5,0.0327884708385724,0,9661,0,339,1.0,0.0,0.5,0.5,0.0339,10000
6,0.0339,0.6931471805599454,0.0339,1.0,0.0655769416771448,0.01695,0.5,0.0327884708385724,0,9661,0,339,1.0,0.0,0.5,0.5,0.0339,10000
7,0.0339,0.6931471805599454,0.0339,1.0,0.0655769416771448,0.01695,0.5,0.0327884708385724,0,9661,0,339,1.0,0.0,0.5,0.5,0.0339,10000
8,0.0339,0.6931471805599454,0.0339,1.0,0.0655769416771448,0.01695,0.5,0.0327884708385724,0,9661,0,339,1.0,0.0,0.5,0.5,0.0339,10000
9,0.0339,0.6931471805599454,0.0339,1.0,0.0655769416771448,0.01695,0.5,0.0327884708385724,0,9661,0,339,1.0,0.0,0.5,0.5,0.0339,10000
10,0.0339,0.6931471805599454,0.0339,1.0,0.0655769416771448,0.01695,0.5,0.0327884708385724,0,9661,0,339,1.0,0.0,0.5,0.5,0.0339,10000
11,0.0339,0.6931471805599454,0.0339,1.0,0.0655769416771448,0.01695,0.5,0.0327884708385724,0,9661,0,339,1.0,0.0,0.5,0.5,0.0339,10000
12,0.0339,0.6931471805599454,0.0339,1.0,0.0655769416771448,0.01695,0.5,0.0327884708385724,0,9661,0,339,1.0,0.0,0.5,0.5,0.0339,10000
13,0.0339,0.6931471805599454,0.0339,1.0,0.0655769416771448,0.01695,0.5,0.0327884708385724,0,9661,0,339,1.0,0.0,0.5,0.5,0.0339,10000
14,0.0339,0.6931471805599454,0.0339,1.0,0.0655769416771448,0.01695,0.5,0.0327884708385724,0,9661,0,339,1.0,0.0,0.5,0.5,0.0339,10000
15,0.9661,0.15996241618519555,0.0,0.0,0.0,0.48305,0.5,0.49137887187833784,9661,0,339,0,0.0,1.0,0.5,0.45799750173965265,0.029384562761637763,10000
16,0.9661,0.13502585496597272,0.0,0.0,0.0,0.48305,0.5,0.49137887187833784,9661,0,339,0,0.0,1.0,0.5,0.7738561420961143,0.2050865740321513,10000
17,0.9661,0.13181240531946498,0.0,0.0,0.0,0.48305,0.5,0.49137887187833784,9661,0,339,0,0.0,1.0,0.5,0.7961756037029946,0.27280491913534105,10000
18,0.9661,0.1304092930528896,0.0,0.0,0.0,0.48305,0.5,0.49137887187833784,9661,0,339,0,0.0,1.0,0.5,0.8041067100976801,0.29812404622346117,10000
19,0.9661,0.1308631474102588,0.0,0.0,0.0,0.48305,0.5,0.49137887187833784,9661,0,339,0,0.0,1.0,0.5,0.7977035057780286,0.2553962176502574,10000
20,0.9661,0.1303846312330676,0.0,0.0,0.0,0.48305,0.5,0.49137887187833784,9661,0,339,0,0.0,1.0,0.5,0.8295448751007228,0.3613165069653534,10000
21,0.9661,0.12748154646486623,0.0,0.0,0.0,0.48305,0.5,0.49137887187833784,9661,0,339,0,0.0,1.0,0.5,0.8314938357212147,0.34392599948279845,10000
22,0.9661,0.12643493421961738,0.0,0.0,0.0,0.48305,0.5,0.49137887187833784,9661,0,339,0,0.0,1.0,0.5,0.8366598179769098,0.36466219866574323,10000
23,0.9661,0.1291991597324821,0.0,0.0,0.0,0.48305,0.5,0.49137887187833784,9661,0,339,0,0.0,1.0,0.5,0.8362818118280506,0.3416682083171097,10000
24,0.9661,0.12813791618151107,0.0,0.0,0.0,0.48305,0.5,0.49137887187833784,9661,0,339,0,0.0,1.0,0.5,0.8361642574118059,0.36016150765299487,10000
25,0.9661,0.1284749574381337,0.0,0.0,0.0,0.48305,0.5,0.49137887187833784,9661,0,339,0,0.0,1.0,0.5,0.8352693171676164,0.3369461074477919,10000
26,0.9661,0.12651167008654704,0.0,0.0,0.0,0.48305,0.5,0.49137887187833784,9661,0,339,0,0.0,1.0,0.5,0.8341716337224231,0.35627498134239066,10000
27,0.9661,0.12770648136470594,0.0,0.0,0.0,0.48305,0.5,0.49137887187833784,9661,0,339,0,0.0,1.0,0.5,0.8418206095181215,0.33790765880162044,10000
28,0.9661,0.1253301423606955,0.0,0.0,0.0,0.48305,0.5,0.49137887187833784,9661,0,339,0,0.0,1.0,0.5,0.8410093313779606,0.3257057979338091,10000
29,0.9661,0.12456155776900625,0.0,0.0,0.0,0.48305,0.5,0.49137887187833784,9661,0,339,0,0.0,1.0,0.5,0.8613361692954583,0.35464425730804267,10000
30,0.9661,0.12345798856061356,0.0,0.0,0.0,0.48305,0.5,0.49137887187833784,9661,0,339,0,0.0,1.0,0.5,0.8724046045912175,0.354540217698778,10000
31,0.9661,0.12337628805228805,0.0,0.0,0.0,0.48305,0.5,0.49137887187833784,9661,0,339,0,0.0,1.0,0.5,0.8569149019000762,0.38830236640824056,10000
32,0.9661,0.12212383639006189,0.0,0.0,0.0,0.48305,0.5,0.49137887187833784,9661,0,339,0,0.0,1.0,0.5,0.8468125501705456,0.3900796563264143,10000
33,0.9661,0.1229993569108043,0.0,0.0,0.0,0.48305,0.5,0.49137887187833784,9661,0,339,0,0.0,1.0,0.5,0.8577973233622761,0.3787502184390803,10000
34,0.9661,0.12181252530821096,0.0,0.0,0.0,0.48305,0.5,0.49137887187833784,9661,0,339,0,0.0,1.0,0.5,0.8514420568175607,0.33757187113866216,10000
35,0.9661,0.12138877066923423,0.0,0.0,0.0,0.48305,0.5,0.49137887187833784,9661,0,339,0,0.0,1.0,0.5,0.8533207901244519,0.3058046674784659,10000
36,0.9661,0.12288977756613885,0.0,0.0,0.0,0.48305,0.5,0.49137887187833784,9661,0,339,0,0.0,1.0,0.5,0.8673928170892977,0.3403717312931545,10000
37,0.9661,0.12032689314695756,0.0,0.0,0.0,0.48305,0.5,0.49137887187833784,9661,0,339,0,0.0,1.0,0.5,0.8657351471521757,0.35577807411276763,10000
38,0.9661,0.12036896689349587,0.0,0.0,0.0,0.48305,0.5,0.49137887187833784,9661,0,339,0,0.0,1.0,0.5,0.8617297475877681,0.34977955159003055,10000
39,0.9661,0.12096833781024843,0.0,0.0,0.0,0.48305,0.5,0.49137887187833784,9661,0,339,0,0.0,1.0,0.5,0.8664126880603492,0.3742139367225273,10000
40,0.9661,0.12378530902453881,0.0,0.0,0.0,0.48305,0.5,0.49137887187833784,9661,0,339,0,0.0,1.0,0.5,0.8671897685521479,0.37145509921581205,10000
41,0.9661,0.12512818660180672,0.0,0.0,0.0,0.48305,0.5,0.49137887187833784,9661,0,339,0,0.0,1.0,0.5,0.8706931954923834,0.36857946026399513,10000
42,0.9661,0.12258915995190055,0.0,0.0,0.0,0.48305,0.5,0.49137887187833784,9661,0,339,0,0.0,1.0,0.5,0.8627330821638196,0.34070475525992844,10000
43,0.9661,0.12301849644508683,0.0,0.0,0.0,0.48305,0.5,0.49137887187833784,9661,0,339,0,0.0,1.0,0.5,0.8618894383921731,0.3434047408788774,10000
44,0.9661,0.12333542516730882,0.0,0.0,0.0,0.48305,0.5,0.49137887187833784,9661,0,339,0,0.0,1.0,0.5,0.8606674831355214,0.37252534884166527,10000
45,0.9661,0.12271709081090544,0.0,0.0,0.0,0.48305,0.5,0.49137887187833784,9661,0,339,0,0.0,1.0,0.5,0.8605041282973632,0.3541109591085986,10000
46,0.9661,0.1246712484330551,0.0,0.0,0.0,0.48305,0.5,0.49137887187833784,9661,0,339,0,0.0,1.0,0.5,0.8653833999118801,0.35248503718766405,10000
47,0.9661,0.12449196619806362,0.0,0.0,0.0,0.48305,0.5,0.49137887187833784,9661,0,339,0,0.0,1.0,0.5,0.8687704937804553,0.3741079661797184,10000
48,0.9661,0.12175623452006375,0.0,0.0,0.0,0.48305,0.5,0.49137887187833784,9661,0,339,0,0.0,1.0,0.5,0.8688352250434264,0.3757995268064363,10000
49,0.9661,0.12314152884757637,0.0,0.0,0.0,0.48305,0.5,0.49137887187833784,9661,0,339,0,0.0,1.0,0.5,0.8653608050370692,0.3577496570867986,10000
50,0.9661,0.12303187065047534,0.0,0.0,0.0,0.48305,0.5,0.49137887187833784,9661,0,339,0,0.0,1.0,0.5,0.8576141216746223,0.38472385608990717,10000
51,0.9661,0.12472665671747091,0.0,0.0,0.0,0.48305,0.5,0.49137887187833784,9661,0,339,0,0.0,1.0,0.5,0.8700284787023458,0.3801165997175361,10000
52,0.9661,0.12515619791786772,0.0,0.0,0.0,0.48305,0.5,0.49137887187833784,9661,0,339,0,0.0,1.0,0.5,0.8762396265861068,0.3790382649103942,10000
53,0.9661,0.12416490217059095,0.0,0.0,0.0,0.48305,0.5,0.49137887187833784,9661,0,339,0,0.0,1.0,0.5,0.8770716675842019,0.3880367510813165,10000
54,0.9661,0.12398521141353581,0.0,0.0,0.0,0.48305,0.5,0.49137887187833784,9661,0,339,0,0.0,1.0,0.5,0.8766325942061245,0.3874526570114699,10000
55,0.9661,0.12270747750087198,0.0,0.0,0.0,0.48305,0.5,0.49137887187833784,9661,0,339,0,0.0,1.0,0.5,0.862548048459289,0.354816388785049,10000
56,0.9661,0.12483256317343455,0.0,0.0,0.0,0.48305,0.5,0.49137887187833784,9661,0,339,0,0.0,1.0,0.5,0.8664429163388119,0.35548880267875804,10000
57,0.9661,0.12496293443684559,0.0,0.0,0.0,0.48305,0.5,0.49137887187833784,9661,0,339,0,0.0,1.0,0.5,0.8523284476496596,0.37327603158003964,10000
58,0.9661,0.12437862055684717,0.0,0.0,0.0,0.48305,0.5,0.49137887187833784,9661,0,339,0,0.0,1.0,0.5,0.8632726111339604,0.36273716262743677,10000
59,0.9661,0.12295630741595767,0.0,0.0,0.0,0.48305,0.5,0.49137887187833784,9661,0,339,0,0.0,1.0,0.5,0.8587044770523092,0.34649666450632555,10000
60,0.9661,0.12183138755417611,0.0,0.0,0.0,0.48305,0.5,0.49137887187833784,9661,0,339,0,0.0,1.0,0.5,0.8761599338519773,0.354321812623511,10000
61,0.9661,0.1197187605858318,0.0,0.0,0.0,0.48305,0.5,0.49137887187833784,9661,0,339,0,0.0,1.0,0.5,0.8701741240440307,0.3699140495000961,10000
62,0.9661,0.12072407791355817,0.0,0.0,0.0,0.48305,0.5,0.49137887187833784,9661,0,339,0,0.0,1.0,0.5,0.874287612604154,0.35177904137266647,10000
63,0.9661,0.12005822214153937,0.0,0.0,0.0,0.48305,0.5,0.49137887187833784,9661,0,339,0,0.0,1.0,0.5,0.8691683467788104,0.37930578207082677,10000
64,0.9661,0.12040167685351573,0.0,0.0,0.0,0.48305,0.5,0.49137887187833784,9661,0,339,0,0.0,1.0,0.5,0.866633446093972,0.3410011325649131,10000
65,0.9661,0.12338207055246848,0.0,0.0,0.0,0.48305,0.5,0.49137887187833784,9661,0,339,0,0.0,1.0,0.5,0.8704751854840752,0.3491445821126562,10000
66,0.9661,0.12070967743269614,0.0,0.0,0.0,0.48305,0.5,0.49137887187833784,9661,0,339,0,0.0,1.0,0.5,0.8747862265307187,0.36427040597374877,10000
67,0.9661,0.12100150633516837,0.0,0.0,0.0,0.48305,0.5,0.49137887187833784,9661,0,339,0,0.0,1.0,0.5,0.8769336556461691,0.37560368908853803,10000
68,0.9661,0.12226677117668149,0.0,0.0,0.0,0.48305,0.5,0.49137887187833784,9661,0,339,0,0.0,1.0,0.5,0.8852607830223332,0.3866939551063166,10000
69,0.9661,0.11960504740265414,0.0,0.0,0.0,0.48305,0.5,0.49137887187833784,9661,0,339,0,0.0,1.0,0.5,0.888078119642305,0.3840096427037919,10000
70,0.9661,0.11866523327776776,0.0,0.0,0.0,0.48305,0.5,0.49137887187833784,9661,0,339,0,0.0,1.0,0.5,0.8738372417886713,0.40388286650858674,10000
71,0.9661,0.12056830178692164,0.0,0.0,0.0,0.48305,0.5,0.49137887187833784,9661,0,339,0,0.0,1.0,0.5,0.872375902993485,0.3997198851329536,10000
72,0.9661,0.11973978134901911,0.0,0.0,0.0,0.48305,0.5,0.49137887187833784,9661,0,339,0,0.0,1.0,0.5,0.8743215049163698,0.34508607464514146,10000
73,0.9661,0.12326512896259642,0.0,0.0,0.0,0.48305,0.5,0.49137887187833784,9661,0,339,0,0.0,1.0,0.5,0.8854897851319007,0.37405621803551403,10000
74,0.9661,0.12165896135195499,0.0,0.0,0.0,0.48305,0.5,0.49137887187833784,9661,0,339,0,0.0,1.0,0.5,0.8768258719865994,0.38217397462833214,10000
75,0.9661,0.12115388321272526,0.0,0.0,0.0,0.48305,0.5,0.49137887187833784,9661,0,339,0,0.0,1.0,0.5,0.8677628844983587,0.3993104822574315,10000
76,0.9661,0.12050273125598535,0.0,0.0,0.0,0.48305,0.5,0.49137887187833784,9661,0,339,0,0.0,1.0,0.5,0.8663748263782339,0.3837971316331064,10000
77,0.9662,0.11943097113672771,1.0,0.0029498525073746312,0.0058823529411764705,0.9830983098309831,0.5014749262536873,0.49434504218778047,9661,0,338,1,0.0029498525073746312,1.0,0.5014749262536873,0.8541122214151169,0.326895790518828,10000
78,0.9661,0.1212016381007259,0.0,0.0,0.0,0.48305,0.5,0.49137887187833784,9661,0,339,0,0.0,1.0,0.5,0.8481035113962136,0.3164501511465463,10000
79,0.9661,0.12039481210358258,0.0,0.0,0.0,0.48305,0.5,0.49137887187833784,9661,0,339,0,0.0,1.0,0.5,0.8656982014784987,0.3556353094820278,10000
80,0.9661,0.12223736810555955,0.0,0.0,0.0,0.48305,0.5,0.49137887187833784,9661,0,339,0,0.0,1.0,0.5,0.8711811226538352,0.36815059953897156,10000
81,0.9661,0.12147759988464907,0.0,0.0,0.0,0.48305,0.5,0.49137887187833784,9661,0,339,0,0.0,1.0,0.5,0.8656356075685504,0.334416559507484,10000
82,0.9661,0.12014807503074551,0.0,0.0,0.0,0.48305,0.5,0.49137887187833784,9661,0,339,0,0.0,1.0,0.5,0.8606784752367805,0.35583588386209103,10000
83,0.9661,0.12121262580674756,0.0,0.0,0.0,0.48305,0.5,0.49137887187833784,9661,0,339,0,0.0,1.0,0.5,0.8586879889004204,0.3971124687435315,10000
84,0.9661,0.12327006168920032,0.0,0.0,0.0,0.48305,0.5,0.49137887187833784,9661,0,339,0,0.0,1.0,0.5,0.8645571603005606,0.3864055929856383,10000
85,0.9661,0.12285192844251817,0.0,0.0,0.0,0.48305,0.5,0.49137887187833784,9661,0,339,0,0.0,1.0,0.5,0.857562214529787,0.3900992853613264,10000
86,0.9661,0.11949771800690918,0.0,0.0,0.0,0.48305,0.5,0.49137887187833784,9661,0,339,0,0.0,1.0,0.5,0.8619755431853705,0.35393870201917443,10000
87,0.9661,0.11901538515600653,0.0,0.0,0.0,0.48305,0.5,0.49137887187833784,9661,0,339,0,0.0,1.0,0.5,0.8725129989230794,0.36902226372847896,10000
88,0.9661,0.12214865745759117,0.0,0.0,0.0,0.48305,0.5,0.49137887187833784,9661,0,339,0,0.0,1.0,0.5,0.8686645421377621,0.38462828436768737,10000
89,0.9661,0.12210180637080391,0.0,0.0,0.0,0.48305,0.5,0.49137887187833784,9661,0,339,0,0.0,1.0,0.5,0.8633846694995754,0.39897301158581566,10000
90,0.9661,0.12383949161965527,0.0,0.0,0.0,0.48305,0.5,0.49137887187833784,9661,0,339,0,0.0,1.0,0.5,0.8678584547120848,0.38943413354182543,10000
91,0.9661,0.12606401547003737,0.0,0.0,0.0,0.48305,0.5,0.49137887187833784,9661,0,339,0,0.0,1.0,0.5,0.8736821310264576,0.35639168358840273,10000
92,0.9661,0.12376830396769595,0.0,0.0,0.0,0.48305,0.5,0.49137887187833784,9661,0,339,0,0.0,1.0,0.5,0.8730729854150083,0.3569783703769594,10000
93,0.9661,0.12271223176954847,0.0,0.0,0.0,0.48305,0.5,0.49137887187833784,9661,0,339,0,0.0,1.0,0.5,0.8611566316415573,0.3688477195017067,10000
94,0.9661,0.12391897382683173,0.0,0.0,0.0,0.48305,0.5,0.49137887187833784,9661,0,339,0,0.0,1.0,0.5,0.8490378400032488,0.3916091931980051,10000
95,0.9661,0.12376414587492401,0.0,0.0,0.0,0.48305,0.5,0.49137887187833784,9661,0,339,0,0.0,1.0,0.5,0.8654609552929867,0.3415279029487006,10000
96,0.9661,0.12260411700105955,0.0,0.0,0.0,0.48305,0.5,0.49137887187833784,9661,0,339,0,0.0,1.0,0.5,0.8589380592040681,0.3619836386258896,10000
97,0.9661,0.12523076980956413,0.0,0.0,0.0,0.48305,0.5,0.49137887187833784,9661,0,339,0,0.0,1.0,0.5,0.8646273876141615,0.35987177468148973,10000
98,0.9661,0.12495956475209494,0.0,0.0,0.0,0.48305,0.5,0.49137887187833784,9661,0,339,0,0.0,1.0,0.5,0.8610686948314834,0.38726110481352943,10000
99,0.9661,0.12431235735952173,0.0,0.0,0.0,0.48305,0.5,0.49137887187833784,9661,0,339,0,0.0,1.0,0.5,0.8606595443957229,0.3939501097610254,10000
100,0.9661,0.12158315960820898,0.0,0.0,0.0,0.48305,0.5,0.49137887187833784,9661,0,339,0,0.0,1.0,0.5,0.8600760470205452,0.36355137016620015,10000
101,0.9661,0.12031039882027986,0.0,0.0,0.0,0.48305,0.5,0.49137887187833784,9661,0,339,0,0.0,1.0,0.5,0.8572645117873492,0.34706627036710047,10000
102,0.9661,0.12241022055739668,0.0,0.0,0.0,0.48305,0.5,0.49137887187833784,9661,0,339,0,0.0,1.0,0.5,0.8612937275711517,0.36718338669189876,10000
103,0.9661,0.12005905648498803,0.0,0.0,0.0,0.48305,0.5,0.49137887187833784,9661,0,339,0,0.0,1.0,0.5,0.8499144600786728,0.39642987325930584,10000
104,0.9661,0.12265707749098627,0.0,0.0,0.0,0.48305,0.5,0.49137887187833784,9661,0,339,0,0.0,1.0,0.5,0.8674642657474827,0.37208309720148514,10000
105,0.9661,0.12261480200976967,0.0,0.0,0.0,0.48305,0.5,0.49137887187833784,9661,0,339,0,0.0,1.0,0.5,0.8742613536955903,0.37139629474157604,10000
106,0.9661,0.12043246010934144,0.0,0.0,0.0,0.48305,0.5,0.49137887187833784,9661,0,339,0,0.0,1.0,0.5,0.8604995482551719,0.39161363811986394,10000
107,0.9661,0.12207126610378398,0.0,0.0,0.0,0.48305,0.5,0.49137887187833784,9661,0,339,0,0.0,1.0,0.5,0.8615132642601903,0.3761288889213342,10000
108,0.9661,0.12289165881848926,0.0,0.0,0.0,0.48305,0.5,0.49137887187833784,9661,0,339,0,0.0,1.0,0.5,0.8787662831950008,0.39073204984396437,10000
109,0.9661,0.12236533957747668,0.0,0.0,0.0,0.48305,0.5,0.49137887187833784,9661,0,339,0,0.0,1.0,0.5,0.8667253522739452,0.3880957025885138,10000
110,0.9661,0.12591278913051965,0.0,0.0,0.0,0.48305,0.5,0.49137887187833784,9661,0,339,0,0.0,1.0,0.5,0.8656612558048219,0.34441395004126674,10000
111,0.9661,0.12365998208392844,0.0,0.0,0.0,0.48305,0.5,0.49137887187833784,9661,0,339,0,0.0,1.0,0.5,0.8627245327517291,0.3470854622173758,10000
112,0.9661,0.12241345689536275,0.0,0.0,0.0,0.48305,0.5,0.49137887187833784,9661,0,339,0,0.0,1.0,0.5,0.8800435042940948,0.3724093528834051,10000
113,0.9661,0.12174113435764468,0.0,0.0,0.0,0.48305,0.5,0.49137887187833784,9661,0,339,0,0.0,1.0,0.5,0.8778966858509367,0.36376172294820264,10000
114,0.9661,0.1205676938718484,0.0,0.0,0.0,0.48305,0.5,0.49137887187833784,9661,0,339,0,0.0,1.0,0.5,0.8675665533564227,0.3576868198142649,10000
115,0.9661,0.12146864834152145,0.0,0.0,0.0,0.48305,0.5,0.49137887187833784,9661,0,339,0,0.0,1.0,0.5,0.8660685742237056,0.3866573065025327,10000
116,0.9661,0.12090559454832688,0.0,0.0,0.0,0.48305,0.5,0.49137887187833784,9661,0,339,0,0.0,1.0,0.5,0.8629642216264095,0.37225491516157183,10000
117,0.9661,0.12023054842244713,0.0,0.0,0.0,0.48305,0.5,0.49137887187833784,9661,0,339,0,0.0,1.0,0.5,0.8694260504861104,0.37099258959402975,10000
118,0.9661,0.12110130317434471,0.0,0.0,0.0,0.48305,0.5,0.49137887187833784,9661,0,339,0,0.0,1.0,0.5,0.8712113509322982,0.40015911737108073,10000
119,0.9661,0.12163976264701744,0.0,0.0,0.0,0.48305,0.5,0.49137887187833784,9661,0,339,0,0.0,1.0,0.5,0.8732552710942239,0.3852736362354127,10000
120,0.9661,0.12377557970322567,0.0,0.0,0.0,0.48305,0.5,0.49137887187833784,9661,0,339,0,0.0,1.0,0.5,0.8748659192648482,0.38338532997111463,10000
121,0.9661,0.12308719004651439,0.0,0.0,0.0,0.48305,0.5,0.49137887187833784,9661,0,339,0,0.0,1.0,0.5,0.8724461303070856,0.3831974652303645,10000
122,0.9661,0.12175092427724171,0.0,0.0,0.0,0.48305,0.5,0.49137887187833784,9661,0,339,0,0.0,1.0,0.5,0.8550954038055265,0.36013180391943267,10000
123,0.9661,0.12448906474932978,0.0,0.0,0.0,0.48305,0.5,0.49137887187833784,9661,0,339,0,0.0,1.0,0.5,0.8671006103974898,0.35198196833427287,10000
124,0.9661,0.12344046845661269,0.0,0.0,0.0,0.48305,0.5,0.49137887187833784,9661,0,339,0,0.0,1.0,0.5,0.8800602977821297,0.37364911620017144,10000
125,0.9661,0.12100748747506225,0.0,0.0,0.0,0.48305,0.5,0.49137887187833784,9661,0,339,0,0.0,1.0,0.5,0.8643797599996824,0.3740083464265808,10000
126,0.9661,0.12093304597108691,0.0,0.0,0.0,0.48305,0.5,0.49137887187833784,9661,0,339,0,0.0,1.0,0.5,0.8657894969861795,0.3544922014771264,10000
127,0.9661,0.12086288973265533,0.0,0.0,0.0,0.48305,0.5,0.49137887187833784,9661,0,339,0,0.0,1.0,0.5,0.8589740888693067,0.3259033755867368,10000
128,0.9661,0.12159567256496641,0.0,0.0,0.0,0.48305,0.5,0.49137887187833784,9661,0,339,0,0.0,1.0,0.5,0.8603606203087009,0.39945152283882046,10000
129,0.9661,0.11996557316933718,0.0,0.0,0.0,0.48305,0.5,0.49137887187833784,9661,0,339,0,0.0,1.0,0.5,0.863780079808762,0.3996310449224717,10000
130,0.9661,0.12225373038965752,0.0,0.0,0.0,0.48305,0.5,0.49137887187833784,9661,0,339,0,0.0,1.0,0.5,0.8765232838658242,0.3887484745047224,10000
131,0.9661,0.12117479380710026,0.0,0.0,0.0,0.48305,0.5,0.49137887187833784,9661,0,339,0,0.0,1.0,0.5,0.8717563759530687,0.39962014495800374,10000
132,0.9661,0.12206875964980454,0.0,0.0,0.0,0.48305,0.5,0.49137887187833784,9661,0,339,0,0.0,1.0,0.5,0.8647134924073587,0.3805854993566859,10000
133,0.9661,0.12226240183415485,0.0,0.0,0.0,0.48305,0.5,0.49137887187833784,9661,0,339,0,0.0,1.0,0.5,0.8647995972005561,0.4039173168001376,10000
134,0.9661,0.12199020427709979,0.0,0.0,0.0,0.48305,0.5,0.49137887187833784,9661,0,339,0,0.0,1.0,0.5,0.8760448221249013,0.38498864962739276,10000
135,0.9661,0.12075470684763587,0.0,0.0,0.0,0.48305,0.5,0.49137887187833784,9661,0,339,0,0.0,1.0,0.5,0.8656624771494063,0.376254069074669,10000
136,0.9661,0.120747668476621,0.0,0.0,0.0,0.48305,0.5,0.49137887187833784,9661,0,339,0,0.0,1.0,0.5,0.8756829987917849,0.35526313038090096,10000
137,0.9661,0.12041044072538203,0.0,0.0,0.0,0.48305,0.5,0.49137887187833784,9661,0,339,0,0.0,1.0,0.5,0.8616998246454513,0.3295513791861716,10000
138,0.9661,0.12077809868119566,0.0,0.0,0.0,0.48305,0.5,0.49137887187833784,9661,0,339,0,0.0,1.0,0.5,0.8696724567560049,0.34734912454152883,10000
139,0.9662,0.11915111881868656,1.0,0.0029498525073746312,0.0058823529411764705,0.9830983098309831,0.5014749262536873,0.49434504218778047,9661,0,338,1,0.0029498525073746312,1.0,0.5014749262536873,0.8639550374204713,0.3229457267952986,10000
140,0.9661,0.12209293623023681,0.0,0.0,0.0,0.48305,0.5,0.49137887187833784,9661,0,339,0,0.0,1.0,0.5,0.877351050157874,0.36719355054480995,10000
141,0.9661,0.12023134113561182,0.0,0.0,0.0,0.48305,0.5,0.49137887187833784,9661,0,339,0,0.0,1.0,0.5,0.873730679473686,0.37649868901471234,10000
142,0.9661,0.12161861851149083,0.0,0.0,0.0,0.48305,0.5,0.49137887187833784,9661,0,339,0,0.0,1.0,0.5,0.8749709548991031,0.37490023500031894,10000
143,0.9661,0.12187012471429552,0.0,0.0,0.0,0.48305,0.5,0.49137887187833784,9661,0,339,0,0.0,1.0,0.5,0.869597954736359,0.3951781914747328,10000
144,0.9661,0.1229537432066199,0.0,0.0,0.0,0.48305,0.5,0.49137887187833784,9661,0,339,0,0.0,1.0,0.5,0.8712540979927507,0.3876577451973282,10000
145,0.9661,0.12183802395584371,0.0,0.0,0.0,0.48305,0.5,0.49137887187833784,9661,0,339,0,0.0,1.0,0.5,0.8644838796254991,0.3976354990695974,10000
146,0.9661,0.11849483016762008,0.0,0.0,0.0,0.48305,0.5,0.49137887187833784,9661,0,339,0,0.0,1.0,0.5,0.8652417239400941,0.37841252832579975,10000
147,0.9661,0.11913224542341812,0.0,0.0,0.0,0.48305,0.5,0.49137887187833784,9661,0,339,0,0.0,1.0,0.5,0.8697411573888753,0.36503043233230026,10000
148,0.9661,0.1217616894826728,0.0,0.0,0.0,0.48305,0.5,0.49137887187833784,9661,0,339,0,0.0,1.0,0.5,0.8797274813828918,0.3946054985620494,10000
149,0.9661,0.12235191933963659,0.0,0.0,0.0,0.48305,0.5,0.49137887187833784,9661,0,339,0,0.0,1.0,0.5,0.8645437255101328,0.38066591300253944,10000
150,0.9661,0.12343304967677803,0.0,0.0,0.0,0.48305,0.5,0.49137887187833784,9661,0,339,0,0.0,1.0,0.5,0.87178202418934,0.37397522359778085,10000
151,0.9661,0.1232314933512078,0.0,0.0,0.0,0.48305,0.5,0.49137887187833784,9661,0,339,0,0.0,1.0,0.5,0.8602131429501395,0.362655266273572,10000
152,0.9661,0.125421358376962,0.0,0.0,0.0,0.48305,0.5,0.49137887187833784,9661,0,339,0,0.0,1.0,0.5,0.8602577220274685,0.3520277940861889,10000
153,0.9661,0.1229246699267584,0.0,0.0,0.0,0.48305,0.5,0.49137887187833784,9661,0,339,0,0.0,1.0,0.5,0.8527482848505333,0.3620099269289395,10000
154,0.9662,0.12053568495491464,1.0,0.0029498525073746312,0.0058823529411764705,0.9830983098309831,0.5014749262536873,0.49434504218778047,9661,0,338,1,0.0029498525073746312,1.0,0.5014749262536873,0.848733114529451,0.32308831176794084,10000
155,0.9661,0.12278512594472922,0.0,0.0,0.0,0.48305,0.5,0.49137887187833784,9661,0,339,0,0.0,1.0,0.5,0.8561894232169667,0.32235210654314167,10000
156,0.9661,0.12483239090078155,0.0,0.0,0.0,0.48305,0.5,0.49137887187833784,9661,0,339,0,0.0,1.0,0.5,0.8625804140907746,0.36807254063344724,10000
157,0.9661,0.12473243219445398,0.0,0.0,0.0,0.48305,0.5,0.49137887187833784,9661,0,339,0,0.0,1.0,0.5,0.8534291844563138,0.3486242280314731,10000
158,0.9661,0.12410740230829884,0.0,0.0,0.0,0.48305,0.5,0.49137887187833784,9661,0,339,0,0.0,1.0,0.5,0.8591127114796315,0.3383202399868529,10000
159,0.9661,0.12309243390252295,0.0,0.0,0.0,0.48305,0.5,0.49137887187833784,9661,0,339,0,0.0,1.0,0.5,0.8601288701738188,0.3501859173782428,10000
160,0.9661,0.12288273618289264,0.0,0.0,0.0,0.48305,0.5,0.49137887187833784,9661,0,339,0,0.0,1.0,0.5,0.8455475425172949,0.38147172856789624,10000
161,0.9661,0.1205083353728532,0.0,0.0,0.0,0.48305,0.5,0.49137887187833784,9661,0,339,0,0.0,1.0,0.5,0.8496787405738915,0.3885825849357574,10000
162,0.9661,0.12330219216792361,0.0,0.0,0.0,0.48305,0.5,0.49137887187833784,9661,0,339,0,0.0,1.0,0.5,0.8670358791345185,0.39120877702622037,10000
163,0.9661,0.12411265594738456,0.0,0.0,0.0,0.48305,0.5,0.49137887187833784,9661,0,339,0,0.0,1.0,0.5,0.8697955072228791,0.39913004358432275,10000
164,0.9661,0.12397671021311274,0.0,0.0,0.0,0.48305,0.5,0.49137887187833784,9661,0,339,0,0.0,1.0,0.5,0.8656771332844184,0.3945050819048848,10000
165,0.9661,0.12515005975133375,0.0,0.0,0.0,0.48305,0.5,0.49137887187833784,9661,0,339,0,0.0,1.0,0.5,0.8822855876148331,0.38679525650267116,10000
166,0.9661,0.12167628226645874,0.0,0.0,0.0,0.48305,0.5,0.49137887187833784,9661,0,339,0,0.0,1.0,0.5,0.8735624392571903,0.34300170782926465,10000
167,0.9661,0.12022198948265272,0.0,0.0,0.0,0.48305,0.5,0.49137887187833784,9661,0,339,0,0.0,1.0,0.5,0.8679015071086834,0.3438155377981661,10000
168,0.9661,0.12047101196192868,0.0,0.0,0.0,0.48305,0.5,0.49137887187833784,9661,0,339,0,0.0,1.0,0.5,0.862673541615332,0.3578020294782739,10000
169,0.9661,0.12196043316883692,0.0,0.0,0.0,0.48305,0.5,0.49137887187833784,9661,0,339,0,0.0,1.0,0.5,0.8599105548293644,0.37820017068749917,10000
170,0.9661,0.12271949573495312,0.0,0.0,0.0,0.48305,0.5,0.49137887187833784,9661,0,339,0,0.0,1.0,0.5,0.8627669744760356,0.37965984615250603,10000
171,0.9661,0.11914091639910125,0.0,0.0,0.0,0.48305,0.5,0.49137887187833784,9661,0,339,0,0.0,1.0,0.5,0.8617816547326034,0.3601793229894201,10000
172,0.9661,0.12196550481753989,0.0,0.0,0.0,0.48305,0.5,0.49137887187833784,9661,0,339,0,0.0,1.0,0.5,0.8661323894782385,0.37968967365617906,10000
173,0.9661,0.12106947642494399,0.0,0.0,0.0,0.48305,0.5,0.49137887187833784,9661,0,339,0,0.0,1.0,0.5,0.8686221004134558,0.3825785654547159,10000
174,0.9661,0.11950497188627186,0.0,0.0,0.0,0.48305,0.5,0.49137887187833784,9661,0,339,0,0.0,1.0,0.5,0.8629297186419015,0.3758492397416763,10000
175,0.9661,0.11919240759986394,0.0,0.0,0.0,0.48305,0.5,0.49137887187833784,9661,0,339,0,0.0,1.0,0.5,0.859677888686044,0.3743040578241764,10000
176,0.9661,0.12292570474295025,0.0,0.0,0.0,0.48305,0.5,0.49137887187833784,9661,0,339,0,0.0,1.0,0.5,0.873367329459839,0.3548813365305237,10000
177,0.9661,0.12572225511288757,0.0,0.0,0.0,0.48305,0.5,0.49137887187833784,9661,0,339,0,0.0,1.0,0.5,0.8673864050302297,0.3598752866539623,10000
178,0.9661,0.1261550383382039,0.0,0.0,0.0,0.48305,0.5,0.49137887187833784,9661,0,339,0,0.0,1.0,0.5,0.863994425783317,0.3571440670108654,10000
179,0.9661,0.1259409797114937,0.0,0.0,0.0,0.48305,0.5,0.49137887187833784,9661,0,339,0,0.0,1.0,0.5,0.8740207488124715,0.39365288597882064,10000
180,0.9661,0.12356496673143005,0.0,0.0,0.0,0.48305,0.5,0.49137887187833784,9661,0,339,0,0.0,1.0,0.5,0.8599823088236955,0.3772115705067413,10000
181,0.9661,0.1251964793925927,0.0,0.0,0.0,0.48305,0.5,0.49137887187833784,9661,0,339,0,0.0,1.0,0.5,0.8679989093392863,0.36180543405858884,10000
182,0.9661,0.12391517734274357,0.0,0.0,0.0,0.48305,0.5,0.49137887187833784,9661,0,339,0,0.0,1.0,0.5,0.8677412056319863,0.3662563763373121,10000
183,0.9661,0.12259433894914398,0.0,0.0,0.0,0.48305,0.5,0.49137887187833784,9661,0,339,0,0.0,1.0,0.5,0.8618671488535087,0.36482224983540534,10000
184,0.9661,0.12237884412155366,0.0,0.0,0.0,0.48305,0.5,0.49137887187833784,9661,0,339,0,0.0,1.0,0.5,0.8729682551168995,0.37435261457003777,10000
185,0.9661,0.12020291134391073,0.0,0.0,0.0,0.48305,0.5,0.49137887187833784,9661,0,339,0,0.0,1.0,0.5,0.8646200595466552,0.345966075963428,10000
186,0.9661,0.12117673461961186,0.0,0.0,0.0,0.48305,0.5,0.49137887187833784,9661,0,339,0,0.0,1.0,0.5,0.8609566364658686,0.35741599897989146,10000
187,0.9661,0.1230481181586551,0.0,0.0,0.0,0.48305,0.5,0.49137887187833784,9661,0,339,0,0.0,1.0,0.5,0.8623663734523654,0.38734967075506355,10000
188,0.9661,0.1212145483947625,0.0,0.0,0.0,0.48305,0.5,0.49137887187833784,9661,0,339,0,0.0,1.0,0.5,0.8559998094702448,0.3628250051326735,10000
189,0.9661,0.1224862733327418,0.0,0.0,0.0,0.48305,0.5,0.49137887187833784,9661,0,339,0,0.0,1.0,0.5,0.8664209321362935,0.38698569308024233,10000
190,0.9661,0.12268422097899774,0.0,0.0,0.0,0.48305,0.5,0.49137887187833784,9661,0,339,0,0.0,1.0,0.5,0.8579304499219714,0.3863760313605225,10000
191,0.9661,0.12173343014486254,0.0,0.0,0.0,0.48305,0.5,0.49137887187833784,9661,0,339,0,0.0,1.0,0.5,0.8642948765510694,0.3954468661927844,10000
192,0.9661,0.12158068411932423,0.0,0.0,0.0,0.48305,0.5,0.49137887187833784,9661,0,339,0,0.0,1.0,0.5,0.8689961371924158,0.37111526611849915,10000
193,0.9661,0.12130135502035932,0.0,0.0,0.0,0.48305,0.5,0.49137887187833784,9661,0,339,0,0.0,1.0,0.5,0.8661690298157694,0.3518811530671052,10000
194,0.9661,0.12454012330980006,0.0,0.0,0.0,0.48305,0.5,0.49137887187833784,9661,0,339,0,0.0,1.0,0.5,0.8735569432065609,0.3571091204028875,10000
195,0.9661,0.1237723351038909,0.0,0.0,0.0,0.48305,0.5,0.49137887187833784,9661,0,339,0,0.0,1.0,0.5,0.8671589296013928,0.36483943797970864,10000
196,0.9661,0.12471857777166546,0.0,0.0,0.0,0.48305,0.5,0.49137887187833784,9661,0,339,0,0.0,1.0,0.5,0.8695497116252768,0.3850291219133082,10000
197,0.9661,0.12446961489941123,0.0,0.0,0.0,0.48305,0.5,0.49137887187833784,9661,0,339,0,0.0,1.0,0.5,0.8530972840655142,0.32063201557299276,10000
198,0.9661,0.12511301371965725,0.0,0.0,0.0,0.48305,0.5,0.49137887187833784,9661,0,339,0,0.0,1.0,0.5,0.8591542371954997,0.35878127476123567,10000
199,0.9661,0.124549670249366,0.0,0.0,0.0,0.48305,0.5,0.49137887187833784,9661,0,339,0,0.0,1.0,0.5,0.8659809427497779,0.39232380802365385,10000
200,0.9661,0.12274671017359291,0.0,0.0,0.0,0.48305,0.5,0.49137887187833784,9661,0,339,0,0.0,1.0,0.5,0.8581313611060984,0.36243753291294684,10000
201,0.9661,0.12297361325532315,0.0,0.0,0.0,0.48305,0.5,0.49137887187833784,9661,0,339,0,0.0,1.0,0.5,0.8653409581875735,0.37936262185802044,10000
202,0.9661,0.123232840200854,0.0,0.0,0.0,0.48305,0.5,0.49137887187833784,9661,0,339,0,0.0,1.0,0.5,0.8480070251740494,0.4101389490855,10000
203,0.9661,0.12235938794340687,0.0,0.0,0.0,0.48305,0.5,0.49137887187833784,9661,0,339,0,0.0,1.0,0.5,0.8640738131813003,0.39425893917605515,10000
204,0.9661,0.12223678324937481,0.0,0.0,0.0,0.48305,0.5,0.49137887187833784,9661,0,339,0,0.0,1.0,0.5,0.8632942900003329,0.37323016595664954,10000
205,0.9661,0.12057287096699733,0.0,0.0,0.0,0.48305,0.5,0.49137887187833784,9661,0,339,0,0.0,1.0,0.5,0.8675772401215359,0.37396222471996576,10000
206,0.9661,0.11902231974889514,0.0,0.0,0.0,0.48305,0.5,0.49137887187833784,9661,0,339,0,0.0,1.0,0.5,0.8632552069736334,0.3602480337606466,10000
207,0.9661,0.12044532360682117,0.0,0.0,0.0,0.48305,0.5,0.49137887187833784,9661,0,339,0,0.0,1.0,0.5,0.8689417873584119,0.3751300064066358,10000
208,0.9661,0.12164899289984592,0.0,0.0,0.0,0.48305,0.5,0.49137887187833784,9661,0,339,0,0.0,1.0,0.5,0.8588247794938686,0.4078602358768256,10000
209,0.9661,0.12473431631884487,0.0,0.0,0.0,0.48305,0.5,0.49137887187833784,9661,0,339,0,0.0,1.0,0.5,0.8751474391915433,0.41068082299499653,10000
210,0.9661,0.11986332792896649,0.0,0.0,0.0,0.48305,0.5,0.49137887187833784,9661,0,339,0,0.0,1.0,0.5,0.8709237242826815,0.3751097633080084,10000
211,0.9661,0.11822160022577384,0.0,0.0,0.0,0.48305,0.5,0.49137887187833784,9661,0,339,0,0.0,1.0,0.5,0.8808178367605788,0.3642807775804933,10000
212,0.9661,0.1198770840954353,0.0,0.0,0.0,0.48305,0.5,0.49137887187833784,9661,0,339,0,0.0,1.0,0.5,0.8860042765380621,0.3882549539429881,10000
213,0.9661,0.11859085402926714,0.0,0.0,0.0,0.48305,0.5,0.49137887187833784,9661,0,339,0,0.0,1.0,0.5,0.8829857233978172,0.37079719254094723,10000
214,0.9661,0.11874418652473673,0.0,0.0,0.0,0.48305,0.5,0.49137887187833784,9661,0,339,0,0.0,1.0,0.5,0.8781531682136523,0.3779793913164846,10000
215,0.9661,0.11862810672789278,0.0,0.0,0.0,0.48305,0.5,0.49137887187833784,9661,0,339,0,0.0,1.0,0.5,0.8767357978235027,0.3684233804276265,10000
216,0.9661,0.11837257572496383,0.0,0.0,0.0,0.48305,0.5,0.49137887187833784,9661,0,339,0,0.0,1.0,0.5,0.8748219508598113,0.3853692014496441,10000
217,0.9661,0.11961491347397164,0.0,0.0,0.0,0.48305,0.5,0.49137887187833784,9661,0,339,0,0.0,1.0,0.5,0.8556892826096714,0.39379997314577714,10000
218,0.9661,0.1211827410936939,0.0,0.0,0.0,0.48305,0.5,0.49137887187833784,9661,0,339,0,0.0,1.0,0.5,0.8739334226746895,0.39819758871772837,10000
219,0.9661,0.12196740548460962,0.0,0.0,0.0,0.48305,0.5,0.49137887187833784,9661,0,339,0,0.0,1.0,0.5,0.8680080694236688,0.4049075362414502,10000
220,0.9661,0.12019682276177511,0.0,0.0,0.0,0.48305,0.5,0.49137887187833784,9661,0,339,0,0.0,1.0,0.5,0.8663879558325158,0.39540247117603844,10000
221,0.9661,0.12309282333706269,0.0,0.0,0.0,0.48305,0.5,0.49137887187833784,9661,0,339,0,0.0,1.0,0.5,0.8621395086958208,0.4057985386514619,10000
222,0.9661,0.12428360748392656,0.0,0.0,0.0,0.48305,0.5,0.49137887187833784,9661,0,339,0,0.0,1.0,0.5,0.8623923270247832,0.3850802141330699,10000
223,0.9661,0.12397960279992203,0.0,0.0,0.0,0.48305,0.5,0.49137887187833784,9661,0,339,0,0.0,1.0,0.5,0.8639959524640475,0.33978653308471507,10000
224,0.9661,0.12385580158834328,0.0,0.0,0.0,0.48305,0.5,0.49137887187833784,9661,0,339,0,0.0,1.0,0.5,0.8740863960838807,0.3621315394470209,10000
225,0.9661,0.12378188295529276,0.0,0.0,0.0,0.48305,0.5,0.49137887187833784,9661,0,339,0,0.0,1.0,0.5,0.8629404054070146,0.38523643651132244,10000
226,0.9661,0.12350724520540239,0.0,0.0,0.0,0.48305,0.5,0.49137887187833784,9661,0,339,0,0.0,1.0,0.5,0.8589924090380721,0.37259234228552474,10000
227,0.9661,0.12367456973611675,0.0,0.0,0.0,0.48305,0.5,0.49137887187833784,9661,0,339,0,0.0,1.0,0.5,0.8758179573683565,0.37376190616848,10000
228,0.9661,0.12484301860897026,0.0,0.0,0.0,0.48305,0.5,0.49137887187833784,9661,0,339,0,0.0,1.0,0.5,0.8760271126284281,0.364663449379557,10000
229,0.9661,0.12337436921350993,0.0,0.0,0.0,0.48305,0.5,0.49137887187833784,9661,0,339,0,0.0,1.0,0.5,0.8680639459384032,0.3836010584255507,10000
230,0.9661,0.12395247758855205,0.0,0.0,0.0,0.48305,0.5,0.49137887187833784,9661,0,339,0,0.0,1.0,0.5,0.8697084864212437,0.3880767104181636,10000
231,0.9661,0.12208060894724387,0.0,0.0,0.0,0.48305,0.5,0.49137887187833784,9661,0,339,0,0.0,1.0,0.5,0.8670007654777181,0.37320209671849375,10000
232,0.9662,0.11853184680533625,1.0,0.0029498525073746312,0.0058823529411764705,0.9830983098309831,0.5014749262536873,0.49434504218778047,9661,0,338,1,0.0029498525073746312,1.0,0.5014749262536873,0.8668667229095848,0.32579496677392195,10000
233,0.9661,0.11997228568255976,0.0,0.0,0.0,0.48305,0.5,0.49137887187833784,9661,0,339,0,0.0,1.0,0.5,0.8760292499814507,0.347211328449658,10000
234,0.9661,0.12068527385489879,0.0,0.0,0.0,0.48305,0.5,0.49137887187833784,9661,0,339,0,0.0,1.0,0.5,0.8761935208280471,0.35617066247741874,10000
235,0.9661,0.1229012475447872,0.0,0.0,0.0,0.48305,0.5,0.49137887187833784,9661,0,339,0,0.0,1.0,0.5,0.8653455382297648,0.37979678705779385,10000
236,0.9661,0.1199071912326198,0.0,0.0,0.0,0.48305,0.5,0.49137887187833784,9661,0,339,0,0.0,1.0,0.5,0.8625636206027397,0.3474965854760614,10000
237,0.9661,0.12145891671166478,0.0,0.0,0.0,0.48305,0.5,0.49137887187833784,9661,0,339,0,0.0,1.0,0.5,0.8655345413041945,0.33908301410691793,10000
238,0.9661,0.12404658216114749,0.0,0.0,0.0,0.48305,0.5,0.49137887187833784,9661,0,339,0,0.0,1.0,0.5,0.8839044798614017,0.3654782599566202,10000
239,0.9661,0.12288444482651173,0.0,0.0,0.0,0.48305,0.5,0.49137887187833784,9661,0,339,0,0.0,1.0,0.5,0.870287098418084,0.3585333248811468,10000
240,0.9661,0.12301364588426682,0.0,0.0,0.0,0.48305,0.5,0.49137887187833784,9661,0,339,0,0.0,1.0,0.5,0.8650911932200721,0.341121025004188,10000
241,0.9661,0.12310013534850332,0.0,0.0,0.0,0.48305,0.5,0.49137887187833784,9661,0,339,0,0.0,1.0,0.5,0.8687546163008587,0.39547442131537547,10000
242,0.9661,0.12341878795824114,0.0,0.0,0.0,0.48305,0.5,0.49137887187833784,9661,0,339,0,0.0,1.0,0.5,0.8682028738848743,0.4019383691232821,10000
243,0.9661,0.12211262660715454,0.0,0.0,0.0,0.48305,0.5,0.49137887187833784,9661,0,339,0,0.0,1.0,0.5,0.8682224153982239,0.38721267357972494,10000
244,0.9661,0.12296638068421625,0.0,0.0,0.0,0.48305,0.5,0.49137887187833784,9661,0,339,0,0.0,1.0,0.5,0.8564639204123016,0.4025061714166705,10000
245,0.9661,0.12346813655796018,0.0,0.0,0.0,0.48305,0.5,0.49137887187833784,9661,0,339,0,0.0,1.0,0.5,0.8564944540269105,0.3930680675769305,10000
246,0.9661,0.12205143992821295,0.0,0.0,0.0,0.48305,0.5,0.49137887187833784,9661,0,339,0,0.0,1.0,0.5,0.8750304954475908,0.35654327721124085,10000
247,0.9661,0.12179692840746709,0.0,0.0,0.0,0.48305,0.5,0.49137887187833784,9661,0,339,0,0.0,1.0,0.5,0.8728473420030478,0.3444580078333783,10000
248,0.9661,0.12242925360794639,0.0,0.0,0.0,0.48305,0.5,0.49137887187833784,9661,0,339,0,0.0,1.0,0.5,0.8669164927013974,0.37125668146709456,10000
249,0.9661,0.12380293206932083,0.0,0.0,0.0,0.48305,0.5,0.49137887187833784,9661,0,339,0,0.0,1.0,0.5,0.8717325597336736,0.3783390715132949,10000
250,0.9661,0.12244667262899771,0.0,0.0,0.0,0.48305,0.5,0.49137887187833784,9661,0,339,0,0.0,1.0,0.5,0.8681103570326091,0.36996293351592063,10000
251,0.9661,0.12287958331757677,0.0,0.0,0.0,0.48305,0.5,0.49137887187833784,9661,0,339,0,0.0,1.0,0.5,0.8739709790206588,0.3809348622401406,10000
252,0.9661,0.12508253935086794,0.0,0.0,0.0,0.48305,0.5,0.49137887187833784,9661,0,339,0,0.0,1.0,0.5,0.8635013079073818,0.33216621092877974,10000
253,0.9661,0.12186467309107013,0.0,0.0,0.0,0.48305,0.5,0.49137887187833784,9661,0,339,0,0.0,1.0,0.5,0.8759541372895127,0.3887951077031768,10000
254,0.9661,0.12160810919215237,0.0,0.0,0.0,0.48305,0.5,0.49137887187833784,9661,0,339,0,0.0,1.0,0.5,0.8773510501578741,0.3922300056791677,10000
255,0.9661,0.11986289523365479,0.0,0.0,0.0,0.48305,0.5,0.49137887187833784,9661,0,339,0,0.0,1.0,0.5,0.8748265309020027,0.3587863511932376,10000
256,0.9661,0.1205367631071099,0.0,0.0,0.0,0.48305,0.5,0.49137887187833784,9661,0,339,0,0.0,1.0,0.5,0.882604663887497,0.38469611080559973,10000
257,0.9661,0.12066587186236125,0.0,0.0,0.0,0.48305,0.5,0.49137887187833784,9661,0,339,0,0.0,1.0,0.5,0.8826248160731389,0.3701981473452959,10000
258,0.9661,0.11968387837731462,0.0,0.0,0.0,0.48305,0.5,0.49137887187833784,9661,0,339,0,0.0,1.0,0.5,0.8796276364631204,0.37276085724597413,10000
259,0.9661,0.11771354809425,0.0,0.0,0.0,0.48305,0.5,0.49137887187833784,9661,0,339,0,0.0,1.0,0.5,0.8706544178018302,0.3727118242505433,10000
260,0.9661,0.12060018761688823,0.0,0.0,0.0,0.48305,0.5,0.49137887187833784,9661,0,339,0,0.0,1.0,0.5,0.8785131595298924,0.3744999982766719,10000
261,0.9661,0.11960607870857293,0.0,0.0,0.0,0.48305,0.5,0.49137887187833784,9661,0,339,0,0.0,1.0,0.5,0.8722296469795079,0.39751745184110077,10000
262,0.9661,0.11966839168682629,0.0,0.0,0.0,0.48305,0.5,0.49137887187833784,9661,0,339,0,0.0,1.0,0.5,0.8780664527481628,0.3893278993315708,10000
263,0.9661,0.11753957570984427,0.0,0.0,0.0,0.48305,0.5,0.49137887187833784,9661,0,339,0,0.0,1.0,0.5,0.8814981256940672,0.3791114506360015,10000
264,0.9661,0.11787526819347686,0.0,0.0,0.0,0.48305,0.5,0.49137887187833784,9661,0,339,0,0.0,1.0,0.5,0.8820700202956936,0.4013470551484145,10000
265,0.9661,0.11810350498044245,0.0,0.0,0.0,0.48305,0.5,0.49137887187833784,9661,0,339,0,0.0,1.0,0.5,0.8735835074512706,0.4107442926006857,10000
266,0.9661,0.11826152580847377,0.0,0.0,0.0,0.48305,0.5,0.49137887187833784,9661,0,339,0,0.0,1.0,0.5,0.8779739358958973,0.36477901456450734,10000
267,0.9661,0.11927524741937613,0.0,0.0,0.0,0.48305,0.5,0.49137887187833784,9661,0,339,0,0.0,1.0,0.5,0.8670160322850227,0.37955076460133325,10000
268,0.9661,0.12070479574701026,0.0,0.0,0.0,0.48305,0.5,0.49137887187833784,9661,0,339,0,0.0,1.0,0.5,0.8776499742448961,0.399321968739821,10000
269,0.9661,0.1220539775188398,0.0,0.0,0.0,0.48305,0.5,0.49137887187833784,9661,0,339,0,0.0,1.0,0.5,0.8917015436879537,0.3992002526356787,10000
270,0.9661,0.1195266492591983,0.0,0.0,0.0,0.48305,0.5,0.49137887187833784,9661,0,339,0,0.0,1.0,0.5,0.8778508854290232,0.37409907280713156,10000
271,0.9661,0.12234811120958172,0.0,0.0,0.0,0.48305,0.5,0.49137887187833784,9661,0,339,0,0.0,1.0,0.5,0.8665433719308756,0.38997663280398764,10000
272,0.9661,0.12032706799839693,0.0,0.0,0.0,0.48305,0.5,0.49137887187833784,9661,0,339,0,0.0,1.0,0.5,0.8591905721968844,0.3226402220279834,10000
273,0.9661,0.12028925702071197,0.0,0.0,0.0,0.48305,0.5,0.49137887187833784,9661,0,339,0,0.0,1.0,0.5,0.8579603728642883,0.3974190669408099,10000
274,0.9661,0.11944405862306316,0.0,0.0,0.0,0.48305,0.5,0.49137887187833784,9661,0,339,0,0.0,1.0,0.5,0.857915793786959,0.38307116887425324,10000
275,0.9661,0.12108782830086505,0.0,0.0,0.0,0.48305,0.5,0.49137887187833784,9661,0,339,0,0.0,1.0,0.5,0.8635745885824433,0.3998690776758022,10000
276,0.9661,0.12128389531482237,0.0,0.0,0.0,0.48305,0.5,0.49137887187833784,9661,0,339,0,0.0,1.0,0.5,0.8721395728164114,0.4016439315269537,10000
277,0.9661,0.12111313745793684,0.0,0.0,0.0,0.48305,0.5,0.49137887187833784,9661,0,339,0,0.0,1.0,0.5,0.8683579846470879,0.3831059749319644,10000
278,0.9661,0.12219105725337058,0.0,0.0,0.0,0.48305,0.5,0.49137887187833784,9661,0,339,0,0.0,1.0,0.5,0.8769803720765208,0.39132107741981215,10000
279,0.9661,0.1212253540256494,0.0,0.0,0.0,0.48305,0.5,0.49137887187833784,9661,0,339,0,0.0,1.0,0.5,0.8620808841557714,0.3811569391589465,10000
280,0.9661,0.12105800804527218,0.0,0.0,0.0,0.48305,0.5,0.49137887187833784,9661,0,339,0,0.0,1.0,0.5,0.866419100119417,0.3507454748797559,10000
281,0.9661,0.12198065278994054,0.0,0.0,0.0,0.48305,0.5,0.49137887187833784,9661,0,339,0,0.0,1.0,0.5,0.8545323639521367,0.3426627336741109,10000
282,0.9661,0.12046887905040189,0.0,0.0,0.0,0.48305,0.5,0.49137887187833784,9661,0,339,0,0.0,1.0,0.5,0.8675070128079353,0.33633399986464296,10000
283,0.9661,0.12350219357196715,0.0,0.0,0.0,0.48305,0.5,0.49137887187833784,9661,0,339,0,0.0,1.0,0.5,0.8683466872096826,0.36415291176342396,10000
284,0.9661,0.12619093927862723,0.0,0.0,0.0,0.48305,0.5,0.49137887187833784,9661,0,339,0,0.0,1.0,0.5,0.8617315796046446,0.36174978995854445,10000
285,0.9661,0.12393810967006512,0.0,0.0,0.0,0.48305,0.5,0.49137887187833784,9661,0,339,0,0.0,1.0,0.5,0.8637666450183338,0.3914642734668683,10000
286,0.9661,0.12198448817516223,0.0,0.0,0.0,0.48305,0.5,0.49137887187833784,9661,0,339,0,0.0,1.0,0.5,0.8667803127802413,0.388106063136912,10000
287,0.9661,0.1212548515764548,0.0,0.0,0.0,0.48305,0.5,0.49137887187833784,9661,0,339,0,0.0,1.0,0.5,0.8682410409031355,0.3179691161182485,10000
288,0.9661,0.12130527919611465,0.0,0.0,0.0,0.48305,0.5,0.49137887187833784,9661,0,339,0,0.0,1.0,0.5,0.8707212864178238,0.3811049132849193,10000
289,0.9661,0.12111105988625474,0.0,0.0,0.0,0.48305,0.5,0.49137887187833784,9661,0,339,0,0.0,1.0,0.5,0.8743398250851354,0.37560480279265546,10000
290,0.9661,0.12103775546806934,0.0,0.0,0.0,0.48305,0.5,0.49137887187833784,9661,0,339,0,0.0,1.0,0.5,0.8656859880326551,0.33165998712891925,10000
291,0.9661,0.12008478613837952,0.0,0.0,0.0,0.48305,0.5,0.49137887187833784,9661,0,339,0,0.0,1.0,0.5,0.8766096939951676,0.3535447482779885,10000
292,0.9661,0.12021088711201006,0.0,0.0,0.0,0.48305,0.5,0.49137887187833784,9661,0,339,0,0.0,1.0,0.5,0.8696339844015977,0.3769454893789315,10000
293,0.9661,0.12212955352120293,0.0,0.0,0.0,0.48305,0.5,0.49137887187833784,9661,0,339,0,0.0,1.0,0.5,0.8698819173522226,0.36245609867871953,10000
294,0.9661,0.12301775351118076,0.0,0.0,0.0,0.48305,0.5,0.49137887187833784,9661,0,339,0,0.0,1.0,0.5,0.8611184646232961,0.3984263780621458,10000
295,0.9661,0.12423281613630766,0.0,0.0,0.0,0.48305,0.5,0.49137887187833784,9661,0,339,0,0.0,1.0,0.5,0.8649403571639035,0.39516712064511217,10000
296,0.9661,0.12436313055549608,0.0,0.0,0.0,0.48305,0.5,0.49137887187833784,9661,0,339,0,0.0,1.0,0.5,0.8679595209764405,0.39059976910286187,10000
297,0.9661,0.12395592585157565,0.0,0.0,0.0,0.48305,0.5,0.49137887187833784,9661,0,339,0,0.0,1.0,0.5,0.873268705884652,0.40281706660501704,10000
298,0.9661,0.1226993042702551,0.0,0.0,0.0,0.48305,0.5,0.49137887187833784,9661,0,339,0,0.0,1.0,0.5,0.8759831442233913,0.35746437062929515,10000
299,0.9661,0.12086046946084898,0.0,0.0,0.0,0.48305,0.5,0.49137887187833784,9661,0,339,0,0.0,1.0,0.5,0.8663940625554375,0.34559040347986414,10000
300,0.9661,0.12102120654659443,0.0,0.0,0.0,0.48305,0.5,0.49137887187833784,9661,0,339,0,0.0,1.0,0.5,0.8764054241134336,0.3793887565700727,10000
301,0.9661,0.12227088212846775,0.0,0.0,0.0,0.48305,0.5,0.49137887187833784,9661,0,339,0,0.0,1.0,0.5,0.8731600062166439,0.3894090467307458,10000
302,0.9661,0.12103335176646132,0.0,0.0,0.0,0.48305,0.5,0.49137887187833784,9661,0,339,0,0.0,1.0,0.5,0.873743808927968,0.3611052425588142,10000
303,0.9661,0.11986481272542542,0.0,0.0,0.0,0.48305,0.5,0.49137887187833784,9661,0,339,0,0.0,1.0,0.5,0.8664997088619847,0.40024167836029995,10000
304,0.9661,0.1218138903792007,0.0,0.0,0.0,0.48305,0.5,0.49137887187833784,9661,0,339,0,0.0,1.0,0.5,0.8697790190709903,0.40594635408709845,10000
305,0.9661,0.12070387015197907,0.0,0.0,0.0,0.48305,0.5,0.49137887187833784,9661,0,339,0,0.0,1.0,0.5,0.8682563077104399,0.3838432574938413,10000
306,0.9661,0.12200477958908983,0.0,0.0,0.0,0.48305,0.5,0.49137887187833784,9661,0,339,0,0.0,1.0,0.5,0.8737361755243155,0.3775825697062801,10000
307,0.9661,0.12289698973551556,0.0,0.0,0.0,0.48305,0.5,0.49137887187833784,9661,0,339,0,0.0,1.0,0.5,0.8716928660346819,0.3954176202364496,10000
308,0.9661,0.11985929790292112,0.0,0.0,0.0,0.48305,0.5,0.49137887187833784,9661,0,339,0,0.0,1.0,0.5,0.8800660991689055,0.3626736186078019,10000
309,0.9661,0.11974678374123787,0.0,0.0,0.0,0.48305,0.5,0.49137887187833784,9661,0,339,0,0.0,1.0,0.5,0.881008671851885,0.387901885571877,10000
310,0.9661,0.12221901869299256,0.0,0.0,0.0,0.48305,0.5,0.49137887187833784,9661,0,339,0,0.0,1.0,0.5,0.8866751000510218,0.39548478046064295,10000
311,0.9661,0.12051566845053731,0.0,0.0,0.0,0.48305,0.5,0.49137887187833784,9661,0,339,0,0.0,1.0,0.5,0.8744292885759396,0.4038498982316386,10000
312,0.9661,0.12021788303159396,0.0,0.0,0.0,0.48305,0.5,0.49137887187833784,9661,0,339,0,0.0,1.0,0.5,0.8724003298851722,0.4029782575238261,10000
313,0.9661,0.12226748399346327,0.0,0.0,0.0,0.48305,0.5,0.49137887187833784,9661,0,339,0,0.0,1.0,0.5,0.8624072884959416,0.41153046651773806,10000
314,0.9661,0.12294212466315746,0.0,0.0,0.0,0.48305,0.5,0.49137887187833784,9661,0,339,0,0.0,1.0,0.5,0.8692327727056355,0.39673560990087187,10000
315,0.9661,0.12176819078810777,0.0,0.0,0.0,0.48305,0.5,0.49137887187833784,9661,0,339,0,0.0,1.0,0.5,0.8668361892949759,0.4028750021636574,10000
316,0.9661,0.12234633743433201,0.0,0.0,0.0,0.48305,0.5,0.49137887187833784,9661,0,339,0,0.0,1.0,0.5,0.8705738090592623,0.35108720200080124,10000
317,0.9661,0.12177440413623263,0.0,0.0,0.0,0.48305,0.5,0.49137887187833784,9661,0,339,0,0.0,1.0,0.5,0.8711933360996789,0.3544429887365367,10000
318,0.9661,0.120241862725797,0.0,0.0,0.0,0.48305,0.5,0.49137887187833784,9661,0,339,0,0.0,1.0,0.5,0.8765232838658243,0.3729472748052907,10000
319,0.9661,0.12257870234541367,0.0,0.0,0.0,0.48305,0.5,0.49137887187833784,9661,0,339,0,0.0,1.0,0.5,0.8699918383648149,0.38653446001568675,10000
320,0.9661,0.11959247918489041,0.0,0.0,0.0,0.48305,0.5,0.49137887187833784,9661,0,339,0,0.0,1.0,0.5,0.8703921340523388,0.34783278221144565,10000
321,0.9661,0.12153024842556995,0.0,0.0,0.0,0.48305,0.5,0.49137887187833784,9661,0,339,0,0.0,1.0,0.5,0.8883294112905367,0.3765776238679739,10000
322,0.9661,0.11958435543996729,0.0,0.0,0.0,0.48305,0.5,0.49137887187833784,9661,0,339,0,0.0,1.0,0.5,0.8797146572647561,0.3762102739287654,10000
323,0.9661,0.12112109008182496,0.0,0.0,0.0,0.48305,0.5,0.49137887187833784,9661,0,339,0,0.0,1.0,0.5,0.8716092039306533,0.3828062441676933,10000
324,0.9661,0.12388327659975758,0.0,0.0,0.0,0.48305,0.5,0.49137887187833784,9661,0,339,0,0.0,1.0,0.5,0.8744250138698945,0.35883734523976785,10000
325,0.9661,0.12120825840867269,0.0,0.0,0.0,0.48305,0.5,0.49137887187833784,9661,0,339,0,0.0,1.0,0.5,0.8724592597613676,0.36887427275259793,10000
326,0.9661,0.11795443586255792,0.0,0.0,0.0,0.48305,0.5,0.49137887187833784,9661,0,339,0,0.0,1.0,0.5,0.8643553331079952,0.3855497593428104,10000
327,0.9661,0.12088578116049703,0.0,0.0,0.0,0.48305,0.5,0.49137887187833784,9661,0,339,0,0.0,1.0,0.5,0.8712266177396026,0.39203635066981657,10000
328,0.9661,0.12169320158656169,0.0,0.0,0.0,0.48305,0.5,0.49137887187833784,9661,0,339,0,0.0,1.0,0.5,0.8665061209210526,0.3465176187752917,10000
329,0.9661,0.12282686961840208,0.0,0.0,0.0,0.48305,0.5,0.49137887187833784,9661,0,339,0,0.0,1.0,0.5,0.8521553220548268,0.30228158706514685,10000
330,0.9661,0.12443311581134213,0.0,0.0,0.0,0.48305,0.5,0.49137887187833784,9661,0,339,0,0.0,1.0,0.5,0.8537470393843934,0.31738111450862383,10000
331,0.9661,0.12319952031827552,0.0,0.0,0.0,0.48305,0.5,0.49137887187833784,9661,0,339,0,0.0,1.0,0.5,0.8534768168951039,0.30343242042969076,10000
332,0.9661,0.12335208223095333,0.0,0.0,0.0,0.48305,0.5,0.49137887187833784,9661,0,339,0,0.0,1.0,0.5,0.8653980560468923,0.39519820710716846,10000
333,0.9661,0.12106630442896717,0.0,0.0,0.0,0.48305,0.5,0.49137887187833784,9661,0,339,0,0.0,1.0,0.5,0.8653104245729643,0.34820557989658407,10000
334,0.9661,0.12162348543244693,0.0,0.0,0.0,0.48305,0.5,0.49137887187833784,9661,0,339,0,0.0,1.0,0.5,0.8537781836712947,0.3769051675838216,10000
335,0.9661,0.12266275348281379,0.0,0.0,0.0,0.48305,0.5,0.49137887187833784,9661,0,339,0,0.0,1.0,0.5,0.8590769871505388,0.3775017707787238,10000
336,0.9661,0.12243462193108057,0.0,0.0,0.0,0.48305,0.5,0.49137887187833784,9661,0,339,0,0.0,1.0,0.5,0.8615434925386534,0.37543190899817624,10000
337,0.9661,0.1215141750558671,0.0,0.0,0.0,0.48305,0.5,0.49137887187833784,9661,0,339,0,0.0,1.0,0.5,0.8558379813128173,0.37374649509172514,10000
338,0.9661,0.1231268851703916,0.0,0.0,0.0,0.48305,0.5,0.49137887187833784,9661,0,339,0,0.0,1.0,0.5,0.8511141257966602,0.3529793137654978,10000
339,0.9661,0.12289340437595683,0.0,0.0,0.0,0.48305,0.5,0.49137887187833784,9661,0,339,0,0.0,1.0,0.5,0.8544963342868982,0.34956650363966035,10000
340,0.9661,0.12375956752370403,0.0,0.0,0.0,0.48305,0.5,0.49137887187833784,9661,0,339,0,0.0,1.0,0.5,0.8634967278651905,0.3423258516338091,10000
341,0.9661,0.12171263004217531,0.0,0.0,0.0,0.48305,0.5,0.49137887187833784,9661,0,339,0,0.0,1.0,0.5,0.862741326239764,0.3469617490746345,10000
342,0.9662,0.11885320451396776,1.0,0.0029498525073746312,0.0058823529411764705,0.9830983098309831,0.5014749262536873,0.49434504218778047,9661,0,338,1,0.0029498525073746312,1.0,0.5014749262536873,0.8651879847783824,0.3355082631246104,10000
343,0.9661,0.12108320948430387,0.0,0.0,0.0,0.48305,0.5,0.49137887187833784,9661,0,339,0,0.0,1.0,0.5,0.8672505304452197,0.3623526544907082,10000
344,0.9661,0.120453191838708,0.0,0.0,0.0,0.48305,0.5,0.49137887187833784,9661,0,339,0,0.0,1.0,0.5,0.8617654719168606,0.35553685477589503,10000
345,0.9661,0.1220978593929086,0.0,0.0,0.0,0.48305,0.5,0.49137887187833784,9661,0,339,0,0.0,1.0,0.5,0.8659815534220701,0.3577125442014722,10000
346,0.9661,0.12202201837749874,0.0,0.0,0.0,0.48305,0.5,0.49137887187833784,9661,0,339,0,0.0,1.0,0.5,0.8619495896129529,0.3999858075315981,10000
347,0.9661,0.12347132341435058,0.0,0.0,0.0,0.48305,0.5,0.49137887187833784,9661,0,339,0,0.0,1.0,0.5,0.8725636847233303,0.37820632732963,10000
348,0.9661,0.12373060039811057,0.0,0.0,0.0,0.48305,0.5,0.49137887187833784,9661,0,339,0,0.0,1.0,0.5,0.8642759457100118,0.38953509671644304,10000
349,0.9661,0.12438365759631534,0.0,0.0,0.0,0.48305,0.5,0.49137887187833784,9661,0,339,0,0.0,1.0,0.5,0.858696538312511,0.38389309938818056,10000
350,0.9661,0.12352641603537214,0.0,0.0,0.0,0.48305,0.5,0.49137887187833784,9661,0,339,0,0.0,1.0,0.5,0.8635742832462973,0.370433667988012,10000
351,0.9661,0.12366302439288133,0.0,0.0,0.0,0.48305,0.5,0.49137887187833784,9661,0,339,0,0.0,1.0,0.5,0.8635996261464227,0.3842940464997707,10000
352,0.9661,0.12377959859873104,0.0,0.0,0.0,0.48305,0.5,0.49137887187833784,9661,0,339,0,0.0,1.0,0.5,0.8620121835229013,0.39920029191652784,10000
353,0.9661,0.12155712850909545,0.0,0.0,0.0,0.48305,0.5,0.49137887187833784,9661,0,339,0,0.0,1.0,0.5,0.8613117424037711,0.38064545453928517,10000
354,0.9661,0.12107285566707801,0.0,0.0,0.0,0.48305,0.5,0.49137887187833784,9661,0,339,0,0.0,1.0,0.5,0.8665439826031677,0.35679759262041005,10000
355,0.9661,0.12052014469635365,0.0,0.0,0.0,0.48305,0.5,0.49137887187833784,9661,0,339,0,0.0,1.0,0.5,0.8718177485184327,0.33962006080377877,10000
356,0.9661,0.12131191467327726,0.0,0.0,0.0,0.48305,0.5,0.49137887187833784,9661,0,339,0,0.0,1.0,0.5,0.8736894590939638,0.35286959579568966,10000
357,0.9661,0.12127204257045755,0.0,0.0,0.0,0.48305,0.5,0.49137887187833784,9661,0,339,0,0.0,1.0,0.5,0.8785757534398407,0.39831794487483835,10000
358,0.9661,0.12046188919150513,0.0,0.0,0.0,0.48305,0.5,0.49137887187833784,9661,0,339,0,0.0,1.0,0.5,0.8744790583677524,0.3705836268910123,10000
359,0.9661,0.1189827210570121,0.0,0.0,0.0,0.48305,0.5,0.49137887187833784,9661,0,339,0,0.0,1.0,0.5,0.8704962536781555,0.3592786113791661,10000
360,0.9661,0.12161366815838598,0.0,0.0,0.0,0.48305,0.5,0.49137887187833784,9661,0,339,0,0.0,1.0,0.5,0.8713527215679377,0.3405576136062293,10000
361,0.9661,0.12082526034045077,0.0,0.0,0.0,0.48305,0.5,0.49137887187833784,9661,0,339,0,0.0,1.0,0.5,0.8664645952051843,0.37943501295100895,10000
362,0.9661,0.12401872751492711,0.0,0.0,0.0,0.48305,0.5,0.49137887187833784,9661,0,339,0,0.0,1.0,0.5,0.8679311247148541,0.37419399344681115,10000
363,0.9661,0.12303189739054728,0.0,0.0,0.0,0.48305,0.5,0.49137887187833784,9661,0,339,0,0.0,1.0,0.5,0.8608726690256938,0.3698026285664171,10000
364,0.9661,0.12501714358797525,0.0,0.0,0.0,0.48305,0.5,0.49137887187833784,9661,0,339,0,0.0,1.0,0.5,0.8531559086055635,0.36122650512624216,10000
365,0.9661,0.12480919170554004,0.0,0.0,0.0,0.48305,0.5,0.49137887187833784,9661,0,339,0,0.0,1.0,0.5,0.8564141506204889,0.3944916660657347,10000
366,0.9661,0.1271087520324598,0.0,0.0,0.0,0.48305,0.5,0.49137887187833784,9661,0,339,0,0.0,1.0,0.5,0.8566205578552456,0.3501635342632841,10000
367,0.9661,0.12240743457274962,0.0,0.0,0.0,0.48305,0.5,0.49137887187833784,9661,0,339,0,0.0,1.0,0.5,0.8604964948937108,0.3758347944160807,10000
368,0.9661,0.12129729461652589,0.0,0.0,0.0,0.48305,0.5,0.49137887187833784,9661,0,339,0,0.0,1.0,0.5,0.868046541778076,0.36459285971927374,10000
369,0.9661,0.12344912967900776,0.0,0.0,0.0,0.48305,0.5,0.49137887187833784,9661,0,339,0,0.0,1.0,0.5,0.868782401890153,0.37969070726169935,10000
370,0.9661,0.1217846669605162,0.0,0.0,0.0,0.48305,0.5,0.49137887187833784,9661,0,339,0,0.0,1.0,0.5,0.8700474095434034,0.36571950037128653,10000
371,0.9661,0.11858992476680169,0.0,0.0,0.0,0.48305,0.5,0.49137887187833784,9661,0,339,0,0.0,1.0,0.5,0.8662297917088412,0.3609181849802234,10000
372,0.9661,0.1206679222112612,0.0,0.0,0.0,0.48305,0.5,0.49137887187833784,9661,0,339,0,0.0,1.0,0.5,0.8715991278378323,0.3892745858121901,10000
373,0.9661,0.12340291638202706,0.0,0.0,0.0,0.48305,0.5,0.49137887187833784,9661,0,339,0,0.0,1.0,0.5,0.8791427626631295,0.3610959934484018,10000
374,0.9661,0.12452380715947128,0.0,0.0,0.0,0.48305,0.5,0.49137887187833784,9661,0,339,0,0.0,1.0,0.5,0.8736601468239392,0.3730274104766727,10000
375,0.9661,0.12643696967360196,0.0,0.0,0.0,0.48305,0.5,0.49137887187833784,9661,0,339,0,0.0,1.0,0.5,0.868201957876436,0.36525265858991723,10000
376,0.9661,0.12359945090021779,0.0,0.0,0.0,0.48305,0.5,0.49137887187833784,9661,0,339,0,0.0,1.0,0.5,0.8624628596745301,0.36075681810466964,10000
377,0.9661,0.12328147772454458,0.0,0.0,0.0,0.48305,0.5,0.49137887187833784,9661,0,339,0,0.0,1.0,0.5,0.8571536747663185,0.3309091940833527,10000
378,0.9661,0.126439846432918,0.0,0.0,0.0,0.48305,0.5,0.49137887187833784,9661,0,339,0,0.0,1.0,0.5,0.8705197645614043,0.354978704761143,10000
379,0.9661,0.12677810879569612,0.0,0.0,0.0,0.48305,0.5,0.49137887187833784,9661,0,339,0,0.0,1.0,0.5,0.8680816554348765,0.3572887875392844,10000
380,0.9661,0.12243958838140984,0.0,0.0,0.0,0.48305,0.5,0.49137887187833784,9661,0,339,0,0.0,1.0,0.5,0.853762611527844,0.38102983741603785,10000
381,0.9661,0.12304978298386518,0.0,0.0,0.0,0.48305,0.5,0.49137887187833784,9661,0,339,0,0.0,1.0,0.5,0.8428700498522326,0.38063733349531714,10000
382,0.9661,0.12393530662397641,0.0,0.0,0.0,0.48305,0.5,0.49137887187833784,9661,0,339,0,0.0,1.0,0.5,0.8500390372262775,0.3871047511430489,10000
383,0.9661,0.12356175369893685,0.0,0.0,0.0,0.48305,0.5,0.49137887187833784,9661,0,339,0,0.0,1.0,0.5,0.8549125074540187,0.3773074565036372,10000
384,0.9661,0.12242548378578294,0.0,0.0,0.0,0.48305,0.5,0.49137887187833784,9661,0,339,0,0.0,1.0,0.5,0.8571423773289133,0.3716311661851676,10000
385,0.9661,0.12618155449075952,0.0,0.0,0.0,0.48305,0.5,0.49137887187833784,9661,0,339,0,0.0,1.0,0.5,0.8637394701013319,0.36653052243787904,10000
386,0.9661,0.12271976380970659,0.0,0.0,0.0,0.48305,0.5,0.49137887187833784,9661,0,339,0,0.0,1.0,0.5,0.8569839078690926,0.37943863351807916,10000
387,0.9661,0.12231715031096493,0.0,0.0,0.0,0.48305,0.5,0.49137887187833784,9661,0,339,0,0.0,1.0,0.5,0.852910113007961,0.36077519029421035,10000
388,0.9661,0.12225093831641161,0.0,0.0,0.0,0.48305,0.5,0.49137887187833784,9661,0,339,0,0.0,1.0,0.5,0.8534218563888076,0.3705296281197858,10000
389,0.9661,0.12115442991847886,0.0,0.0,0.0,0.48305,0.5,0.49137887187833784,9661,0,339,0,0.0,1.0,0.5,0.8532243039022875,0.3590937949140888,10000
390,0.9661,0.12026186623621388,0.0,0.0,0.0,0.48305,0.5,0.49137887187833784,9661,0,339,0,0.0,1.0,0.5,0.8576721355423792,0.3615503551068859,10000
391,0.9661,0.12065343849129093,0.0,0.0,0.0,0.48305,0.5,0.49137887187833784,9661,0,339,0,0.0,1.0,0.5,0.8557207322327187,0.3856913743750389,10000
392,0.9661,0.1203242957559205,0.0,0.0,0.0,0.48305,0.5,0.49137887187833784,9661,0,339,0,0.0,1.0,0.5,0.8598733038195414,0.37165583500380556,10000
393,0.9661,0.12210107995361731,0.0,0.0,0.0,0.48305,0.5,0.49137887187833784,9661,0,339,0,0.0,1.0,0.5,0.8562514064546228,0.3879168770930892,10000
394,0.9661,0.12401127784033238,0.0,0.0,0.0,0.48305,0.5,0.49137887187833784,9661,0,339,0,0.0,1.0,0.5,0.8718757623861897,0.3583207927179354,10000
395,0.9661,0.12284098185881676,0.0,0.0,0.0,0.48305,0.5,0.49137887187833784,9661,0,339,0,0.0,1.0,0.5,0.8658853725360517,0.3532411744525584,10000
396,0.9662,0.1172432902882009,1.0,0.0029498525073746312,0.0058823529411764705,0.9830983098309831,0.5014749262536873,0.49434504218778047,9661,0,338,1,0.0029498525073746312,1.0,0.5014749262536873,0.8526878282936076,0.3843390623899712,10000
397,0.9661,0.12029937856207185,0.0,0.0,0.0,0.48305,0.5,0.49137887187833784,9661,0,339,0,0.0,1.0,0.5,0.8488375394914138,0.34192682465389673,10000
398,0.9661,0.1209101754989158,0.0,0.0,0.0,0.48305,0.5,0.49137887187833784,9661,0,339,0,0.0,1.0,0.5,0.8583154788021907,0.3594324448254029,10000
399,0.9661,0.11959702132535649,0.0,0.0,0.0,0.48305,0.5,0.49137887187833784,9661,0,339,0,0.0,1.0,0.5,0.8564349134784229,0.35650453604810073,10000
400,0.9661,0.12176456785850114,0.0,0.0,0.0,0.48305,0.5,0.49137887187833784,9661,0,339,0,0.0,1.0,0.5,0.8473187975007626,0.29049999521553055,10000
401,0.9661,0.12244018813662247,0.0,0.0,0.0,0.48305,0.5,0.49137887187833784,9661,0,339,0,0.0,1.0,0.5,0.8665058155849065,0.3537204892519806,10000
402,0.9661,0.12318393391038653,0.0,0.0,0.0,0.48305,0.5,0.49137887187833784,9661,0,339,0,0.0,1.0,0.5,0.8630042206615475,0.3367020908430645,10000
403,0.9661,0.1217579725248108,0.0,0.0,0.0,0.48305,0.5,0.49137887187833784,9661,0,339,0,0.0,1.0,0.5,0.8594949923345361,0.3719226125547661,10000
404,0.9661,0.12216640958619575,0.0,0.0,0.0,0.48305,0.5,0.49137887187833784,9661,0,339,0,0.0,1.0,0.5,0.8539363477949692,0.3908002836779657,10000
405,0.9661,0.12259274765137956,0.0,0.0,0.0,0.48305,0.5,0.49137887187833784,9661,0,339,0,0.0,1.0,0.5,0.8535421588303672,0.3746919441654223,10000
406,0.9661,0.12310643315558045,0.0,0.0,0.0,0.48305,0.5,0.49137887187833784,9661,0,339,0,0.0,1.0,0.5,0.8584415826305258,0.3676456418990195,10000
407,0.9661,0.12120284911662152,0.0,0.0,0.0,0.48305,0.5,0.49137887187833784,9661,0,339,0,0.0,1.0,0.5,0.855847446733346,0.4050842248411369,10000
408,0.9661,0.12285207475313063,0.0,0.0,0.0,0.48305,0.5,0.49137887187833784,9661,0,339,0,0.0,1.0,0.5,0.8716498136380834,0.36649193162192156,10000
409,0.9661,0.12126278458826283,0.0,0.0,0.0,0.48305,0.5,0.49137887187833784,9661,0,339,0,0.0,1.0,0.5,0.8729426068806279,0.35777680814482987,10000
410,0.9661,0.1217052737726135,0.0,0.0,0.0,0.48305,0.5,0.49137887187833784,9661,0,339,0,0.0,1.0,0.5,0.8785287316733429,0.3923503632291491,10000
411,0.9661,0.12190593167170996,0.0,0.0,0.0,0.48305,0.5,0.49137887187833784,9661,0,339,0,0.0,1.0,0.5,0.8731029083573252,0.35797303319413837,10000
412,0.9661,0.12299421659501854,0.0,0.0,0.0,0.48305,0.5,0.49137887187833784,9661,0,339,0,0.0,1.0,0.5,0.8687219453332271,0.3488846015203471,10000
413,0.9661,0.1210658186396919,0.0,0.0,0.0,0.48305,0.5,0.49137887187833784,9661,0,339,0,0.0,1.0,0.5,0.8636078702223671,0.38737642882675305,10000
414,0.9661,0.12061508668992478,0.0,0.0,0.0,0.48305,0.5,0.49137887187833784,9661,0,339,0,0.0,1.0,0.5,0.8636994710661939,0.3950120015541198,10000
415,0.9661,0.11994906286471692,0.0,0.0,0.0,0.48305,0.5,0.49137887187833784,9661,0,339,0,0.0,1.0,0.5,0.8590934753024279,0.3636260071651053,10000
416,0.9661,0.12210757321494611,0.0,0.0,0.0,0.48305,0.5,0.49137887187833784,9661,0,339,0,0.0,1.0,0.5,0.8738549512851445,0.3702873935884937,10000
417,0.9661,0.12321442743374367,0.0,0.0,0.0,0.48305,0.5,0.49137887187833784,9661,0,339,0,0.0,1.0,0.5,0.8650899718754875,0.39200511464050963,10000
418,0.9661,0.12139478819002884,0.0,0.0,0.0,0.48305,0.5,0.49137887187833784,9661,0,339,0,0.0,1.0,0.5,0.8672383169993763,0.35972012890111027,10000
419,0.9661,0.12254347603549902,0.0,0.0,0.0,0.48305,0.5,0.49137887187833784,9661,0,339,0,0.0,1.0,0.5,0.8667717633681508,0.38827663619853836,10000
420,0.9661,0.12153352309802927,0.0,0.0,0.0,0.48305,0.5,0.49137887187833784,9661,0,339,0,0.0,1.0,0.5,0.873360917400771,0.39195293071781634,10000
421,0.9661,0.11876142059954493,0.0,0.0,0.0,0.48305,0.5,0.49137887187833784,9661,0,339,0,0.0,1.0,0.5,0.8646594479095009,0.3670863715707142,10000
422,0.9661,0.11921977432041558,0.0,0.0,0.0,0.48305,0.5,0.49137887187833784,9661,0,339,0,0.0,1.0,0.5,0.8630375023014712,0.3498414700109057,10000
423,0.9661,0.12099482991959616,0.0,0.0,0.0,0.48305,0.5,0.49137887187833784,9661,0,339,0,0.0,1.0,0.5,0.8601050539544236,0.369543236025155,10000
424,0.9661,0.12000907428882644,0.0,0.0,0.0,0.48305,0.5,0.49137887187833784,9661,0,339,0,0.0,1.0,0.5,0.8689478940813337,0.33128845936147,10000
425,0.9661,0.12158946770017465,0.0,0.0,0.0,0.48305,0.5,0.49137887187833784,9661,0,339,0,0.0,1.0,0.5,0.8764973302934066,0.3701271285582302,10000
426,0.9661,0.1190833940716474,0.0,0.0,0.0,0.48305,0.5,0.49137887187833784,9661,0,339,0,0.0,1.0,0.5,0.8666560409687827,0.38320549306841906,10000
427,0.9661,0.12012800163843626,0.0,0.0,0.0,0.48305,0.5,0.49137887187833784,9661,0,339,0,0.0,1.0,0.5,0.8686917170547642,0.3977594752987074,10000
428,0.9661,0.12163881801762405,0.0,0.0,0.0,0.48305,0.5,0.49137887187833784,9661,0,339,0,0.0,1.0,0.5,0.869641923141396,0.41102660358680126,10000
429,0.9661,0.12184350850705293,0.0,0.0,0.0,0.48305,0.5,0.49137887187833784,9661,0,339,0,0.0,1.0,0.5,0.8761141334300638,0.3994651906985693,10000
430,0.9662,0.11831623150058194,1.0,0.0029498525073746312,0.0058823529411764705,0.9830983098309831,0.5014749262536873,0.49434504218778047,9661,0,338,1,0.0029498525073746312,1.0,0.5014749262536873,0.8654948476052028,0.370765873200879,10000
431,0.9661,0.11983332225674286,0.0,0.0,0.0,0.48305,0.5,0.49137887187833784,9661,0,339,0,0.0,1.0,0.5,0.8604665719513941,0.388444743493879,10000
432,0.9661,0.12068126978902967,0.0,0.0,0.0,0.48305,0.5,0.49137887187833784,9661,0,339,0,0.0,1.0,0.5,0.860819235200128,0.37888018942632706,10000
433,0.9661,0.12171793602768544,0.0,0.0,0.0,0.48305,0.5,0.49137887187833784,9661,0,339,0,0.0,1.0,0.5,0.8542832096569274,0.39355382326970756,10000
434,0.9661,0.12286853289000951,0.0,0.0,0.0,0.48305,0.5,0.49137887187833784,9661,0,339,0,0.0,1.0,0.5,0.8529418679671545,0.3821590068564623,10000
435,0.9661,0.12334748818045536,0.0,0.0,0.0,0.48305,0.5,0.49137887187833784,9661,0,339,0,0.0,1.0,0.5,0.8528261455677862,0.40661268102188347,10000
436,0.9661,0.12110667331914965,0.0,0.0,0.0,0.48305,0.5,0.49137887187833784,9661,0,339,0,0.0,1.0,0.5,0.8596659805763465,0.34038248970221435,10000
437,0.9661,0.12205314958466457,0.0,0.0,0.0,0.48305,0.5,0.49137887187833784,9661,0,339,0,0.0,1.0,0.5,0.8561842325024831,0.39625705067970446,10000
438,0.9661,0.12253303706350512,0.0,0.0,0.0,0.48305,0.5,0.49137887187833784,9661,0,339,0,0.0,1.0,0.5,0.8634350499636804,0.3742187973623688,10000
439,0.9661,0.1229825783703835,0.0,0.0,0.0,0.48305,0.5,0.49137887187833784,9661,0,339,0,0.0,1.0,0.5,0.8658258319875642,0.37792654897006844,10000
440,0.9661,0.12163779260024023,0.0,0.0,0.0,0.48305,0.5,0.49137887187833784,9661,0,339,0,0.0,1.0,0.5,0.8632078798709893,0.3755003590756906,10000
441,0.9661,0.11983929256758666,0.0,0.0,0.0,0.48305,0.5,0.49137887187833784,9661,0,339,0,0.0,1.0,0.5,0.8597096436452373,0.36774913362021905,10000
442,0.9661,0.12135679056297717,0.0,0.0,0.0,0.48305,0.5,0.49137887187833784,9661,0,339,0,0.0,1.0,0.5,0.8684834778031311,0.34181417555551025,10000
443,0.9661,0.12133929297547322,0.0,0.0,0.0,0.48305,0.5,0.49137887187833784,9661,0,339,0,0.0,1.0,0.5,0.8805906666678879,0.39063647279666175,10000
444,0.9661,0.12243620972668987,0.0,0.0,0.0,0.48305,0.5,0.49137887187833784,9661,0,339,0,0.0,1.0,0.5,0.8773867744869666,0.4008997102518271,10000
445,0.9661,0.12450638862392123,0.0,0.0,0.0,0.48305,0.5,0.49137887187833784,9661,0,339,0,0.0,1.0,0.5,0.8749996564968355,0.37851081100769146,10000
446,0.9661,0.12381069652917767,0.0,0.0,0.0,0.48305,0.5,0.49137887187833784,9661,0,339,0,0.0,1.0,0.5,0.8761153547746483,0.35699596076078455,10000
447,0.9661,0.12129608304275402,0.0,0.0,0.0,0.48305,0.5,0.49137887187833784,9661,0,339,0,0.0,1.0,0.5,0.8667372603836427,0.34821290829106943,10000
448,0.9661,0.1233906010101545,0.0,0.0,0.0,0.48305,0.5,0.49137887187833784,9661,0,339,0,0.0,1.0,0.5,0.8760591729237676,0.37963861587058234,10000
449,0.9661,0.12270193064729551,0.0,0.0,0.0,0.48305,0.5,0.49137887187833784,9661,0,339,0,0.0,1.0,0.5,0.8712910436664276,0.37769994903083043,10000
450,0.9661,0.12148302455782459,0.0,0.0,0.0,0.48305,0.5,0.49137887187833784,9661,0,339,0,0.0,1.0,0.5,0.8677314348753113,0.35760711066731715,10000
451,0.9661,0.11975540371079532,0.0,0.0,0.0,0.48305,0.5,0.49137887187833784,9661,0,339,0,0.0,1.0,0.5,0.8662423104908309,0.3482629863726711,10000
452,0.9661,0.11949268844856566,0.0,0.0,0.0,0.48305,0.5,0.49137887187833784,9661,0,339,0,0.0,1.0,0.5,0.8600397120191605,0.3264731035411748,10000
453,0.9661,0.12116421418806113,0.0,0.0,0.0,0.48305,0.5,0.49137887187833784,9661,0,339,0,0.0,1.0,0.5,0.8661409388903292,0.34564725939778107,10000
454,0.9661,0.12111088907301615,0.0,0.0,0.0,0.48305,0.5,0.49137887187833784,9661,0,339,0,0.0,1.0,0.5,0.8668896231205414,0.32904687178161934,10000
455,0.9661,0.12068534394467492,0.0,0.0,0.0,0.48305,0.5,0.49137887187833784,9661,0,339,0,0.0,1.0,0.5,0.8666090192022851,0.33122778346430365,10000
456,0.9661,0.12113999114262071,0.0,0.0,0.0,0.48305,0.5,0.49137887187833784,9661,0,339,0,0.0,1.0,0.5,0.8575304595705936,0.35727460132453986,10000
457,0.9662,0.11876870230232034,1.0,0.0029498525073746312,0.0058823529411764705,0.9830983098309831,0.5014749262536873,0.49434504218778047,9661,0,338,1,0.0029498525073746312,1.0,0.5014749262536873,0.8602024561850264,0.3290447181568362,10000
458,0.9661,0.12230462076906533,0.0,0.0,0.0,0.48305,0.5,0.49137887187833784,9661,0,339,0,0.0,1.0,0.5,0.8609841167190165,0.36775737897968996,10000
459,0.9661,0.12360920835178808,0.0,0.0,0.0,0.48305,0.5,0.49137887187833784,9661,0,339,0,0.0,1.0,0.5,0.868354320613335,0.3915124686932585,10000
460,0.9661,0.12034492647121552,0.0,0.0,0.0,0.48305,0.5,0.49137887187833784,9661,0,339,0,0.0,1.0,0.5,0.8695585663735135,0.36198997410532274,10000
461,0.9661,0.11964482994053574,0.0,0.0,0.0,0.48305,0.5,0.49137887187833784,9661,0,339,0,0.0,1.0,0.5,0.8667653513090829,0.4031587898760058,10000
462,0.9661,0.1198237588204897,0.0,0.0,0.0,0.48305,0.5,0.49137887187833784,9661,0,339,0,0.0,1.0,0.5,0.8710849417678168,0.35219642830299247,10000
463,0.9661,0.11939655253995861,0.0,0.0,0.0,0.48305,0.5,0.49137887187833784,9661,0,339,0,0.0,1.0,0.5,0.8745944754309742,0.37951068743800964,10000
464,0.9661,0.11946039543557473,0.0,0.0,0.0,0.48305,0.5,0.49137887187833784,9661,0,339,0,0.0,1.0,0.5,0.8653009591524358,0.325829683729591,10000
465,0.9661,0.11969238775812767,0.0,0.0,0.0,0.48305,0.5,0.49137887187833784,9661,0,339,0,0.0,1.0,0.5,0.8682083699355039,0.37018474495100534,10000
466,0.9661,0.11997336111236911,0.0,0.0,0.0,0.48305,0.5,0.49137887187833784,9661,0,339,0,0.0,1.0,0.5,0.8759657400630642,0.3720199147532601,10000
467,0.9661,0.1185291450292008,0.0,0.0,0.0,0.48305,0.5,0.49137887187833784,9661,0,339,0,0.0,1.0,0.5,0.8708657104149244,0.3752834119727781,10000
468,0.9661,0.12087873784305748,0.0,0.0,0.0,0.48305,0.5,0.49137887187833784,9661,0,339,0,0.0,1.0,0.5,0.8765580921864785,0.3846501054139568,10000
469,0.9662,0.11810084862141587,1.0,0.0029498525073746312,0.0058823529411764705,0.9830983098309831,0.5014749262536873,0.49434504218778047,9661,0,338,1,0.0029498525073746312,1.0,0.5014749262536873,0.8723465907234605,0.3378536842202081,10000
470,0.9661,0.1188867568826277,0.0,0.0,0.0,0.48305,0.5,0.49137887187833784,9661,0,339,0,0.0,1.0,0.5,0.8761406976747736,0.37563456819066504,10000
471,0.9661,0.12146744958513489,0.0,0.0,0.0,0.48305,0.5,0.49137887187833784,9661,0,339,0,0.0,1.0,0.5,0.8828761077213712,0.39171372354364825,10000
472,0.9661,0.12037411574020247,0.0,0.0,0.0,0.48305,0.5,0.49137887187833784,9661,0,339,0,0.0,1.0,0.5,0.8727835267485151,0.33813761380422125,10000
473,0.9661,0.1228213935063181,0.0,0.0,0.0,0.48305,0.5,0.49137887187833784,9661,0,339,0,0.0,1.0,0.5,0.8792038298923478,0.3811840426640456,10000
474,0.9661,0.12201460678254084,0.0,0.0,0.0,0.48305,0.5,0.49137887187833784,9661,0,339,0,0.0,1.0,0.5,0.8790023080359284,0.3736207145717755,10000
475,0.9661,0.12068153109003438,0.0,0.0,0.0,0.48305,0.5,0.49137887187833784,9661,0,339,0,0.0,1.0,0.5,0.8696178015858549,0.3805495744534561,10000
476,0.9661,0.12232403887434784,0.0,0.0,0.0,0.48305,0.5,0.49137887187833784,9661,0,339,0,0.0,1.0,0.5,0.8698596278135581,0.36267489263839087,10000
477,0.9662,0.11918453244832522,1.0,0.0029498525073746312,0.0058823529411764705,0.9830983098309831,0.5014749262536873,0.49434504218778047,9661,0,338,1,0.0029498525073746312,1.0,0.5014749262536873,0.8617190608226549,0.3270769323128854,10000
478,0.9661,0.11920855930101507,0.0,0.0,0.0,0.48305,0.5,0.49137887187833784,9661,0,339,0,0.0,1.0,0.5,0.8656804919820255,0.3500926996997578,10000
479,0.9661,0.11957349724238273,0.0,0.0,0.0,0.48305,0.5,0.49137887187833784,9661,0,339,0,0.0,1.0,0.5,0.8681869964052775,0.3727196207814112,10000
480,0.9661,0.12206486454729475,0.0,0.0,0.0,0.48305,0.5,0.49137887187833784,9661,0,339,0,0.0,1.0,0.5,0.8678856296290869,0.4003436816106119,10000
481,0.9661,0.12084662658887355,0.0,0.0,0.0,0.48305,0.5,0.49137887187833784,9661,0,339,0,0.0,1.0,0.5,0.8782499597719626,0.40472905038447654,10000
482,0.9661,0.12057064118518215,0.0,0.0,0.0,0.48305,0.5,0.49137887187833784,9661,0,339,0,0.0,1.0,0.5,0.8754411725640817,0.40405753822087775,10000
483,0.9661,0.12175428537966579,0.0,0.0,0.0,0.48305,0.5,0.49137887187833784,9661,0,339,0,0.0,1.0,0.5,0.8744091363902978,0.4122480008406033,10000
484,0.9662,0.11783909455097345,1.0,0.0029498525073746312,0.0058823529411764705,0.9830983098309831,0.5014749262536873,0.49434504218778047,9661,0,338,1,0.0029498525073746312,1.0,0.5014749262536873,0.8527995813230764,0.38946447024543307,10000
485,0.9661,0.12073953106049594,0.0,0.0,0.0,0.48305,0.5,0.49137887187833784,9661,0,339,0,0.0,1.0,0.5,0.8774866194067379,0.35484385292770737,10000
486,0.9661,0.1203714358338281,0.0,0.0,0.0,0.48305,0.5,0.49137887187833784,9661,0,339,0,0.0,1.0,0.5,0.8789055164776177,0.3731571860832433,10000
487,0.9661,0.12196040866195668,0.0,0.0,0.0,0.48305,0.5,0.49137887187833784,9661,0,339,0,0.0,1.0,0.5,0.8772799068358351,0.37702667722288136,10000
488,0.9661,0.12154279797541367,0.0,0.0,0.0,0.48305,0.5,0.49137887187833784,9661,0,339,0,0.0,1.0,0.5,0.87764264617739,0.3746446711212585,10000
489,0.9661,0.12317319116043761,0.0,0.0,0.0,0.48305,0.5,0.49137887187833784,9661,0,339,0,0.0,1.0,0.5,0.8699078709246402,0.35956264703725227,10000
490,0.9661,0.1232004000384267,0.0,0.0,0.0,0.48305,0.5,0.49137887187833784,9661,0,339,0,0.0,1.0,0.5,0.8737300688013938,0.3743533335446046,10000
491,0.9661,0.12322182549373083,0.0,0.0,0.0,0.48305,0.5,0.49137887187833784,9661,0,339,0,0.0,1.0,0.5,0.8666166526059371,0.386964099039857,10000
492,0.9661,0.12199574059701167,0.0,0.0,0.0,0.48305,0.5,0.49137887187833784,9661,0,339,0,0.0,1.0,0.5,0.8708996027271403,0.35572088352856224,10000
493,0.9661,0.12382111141543713,0.0,0.0,0.0,0.48305,0.5,0.49137887187833784,9661,0,339,0,0.0,1.0,0.5,0.8764664913426515,0.3723228492746542,10000
494,0.9661,0.12189900313010464,0.0,0.0,0.0,0.48305,0.5,0.49137887187833784,9661,0,339,0,0.0,1.0,0.5,0.8707157903671942,0.3780374771925648,10000
495,0.9661,0.120602202921611,0.0,0.0,0.0,0.48305,0.5,0.49137887187833784,9661,0,339,0,0.0,1.0,0.5,0.8671393880880429,0.37462726883774605,10000
496,0.9661,0.1226498089657357,0.0,0.0,0.0,0.48305,0.5,0.49137887187833784,9661,0,339,0,0.0,1.0,0.5,0.8614625784599393,0.34010862532519576,10000
497,0.9661,0.12015340292002961,0.0,0.0,0.0,0.48305,0.5,0.49137887187833784,9661,0,339,0,0.0,1.0,0.5,0.8643067846607669,0.3642044854451081,10000
498,0.9661,0.1213121693815367,0.0,0.0,0.0,0.48305,0.5,0.49137887187833784,9661,0,339,0,0.0,1.0,0.5,0.866629782060219,0.360727389476128,10000
499,0.9661,0.12218537852046148,0.0,0.0,0.0,0.48305,0.5,0.49137887187833784,9661,0,339,0,0.0,1.0,0.5,0.8649998977123909,0.34802471812332847,10000
500,0.9661,0.12344733138646548,0.0,0.0,0.0,0.48305,0.5,0.49137887187833784,9661,0,339,0,0.0,1.0,0.5,0.8652841656644007,0.3955950161485871,10000
